<?xml version="1.0"?>
<planBenefitTemplateVO xmlns="http://vo.ffe.cms.hhs.gov">
  <packagesList>
    <packages>
      <header>
        <templateVersion>v5.12</templateVersion>
        <issuerId cellLocation="Benefits_Package_2-B.2">
          <cellValue>96156</cellValue>
        </issuerId>
        <statePostalCode cellLocation="Benefits_Package_2-B.3">
          <cellValue>DC</cellValue>
        </statePostalCode>
        <marketCoverage cellLocation="Benefits_Package_2-B.4">
          <cellValue>SHOP (Small Group)</cellValue>
        </marketCoverage>
        <dentalPlanOnlyInd cellLocation="Benefits_Package_2-B.5">
          <cellValue>Yes</cellValue>
        </dentalPlanOnlyInd>
        <tin cellLocation="Benefits_Package_2-B.6">
          <cellValue>75-1233841</cellValue>
        </tin>
      </header>
      <benefitsList>
        <benefits>
          <benefitTypeCode cellLocation="Benefits_Package_2-A.68">
            <cellValue>Routine Dental Services (Adult)</cellValue>
          </benefitTypeCode>
          <isEHB cellLocation="Benefits_Package_2-C.68">
            <cellValue></cellValue>
          </isEHB>
          <isStateMandate cellLocation="Benefits_Package_2-D.68">
            <cellValue></cellValue>
          </isStateMandate>
          <isBenefitCovered cellLocation="Benefits_Package_2-E.68">
            <cellValue>Covered</cellValue>
          </isBenefitCovered>
          <serviceLimit cellLocation="Benefits_Package_2-F.68">
            <cellValue></cellValue>
          </serviceLimit>
          <quantityLimit cellLocation="Benefits_Package_2-G.68">
            <cellValue></cellValue>
          </quantityLimit>
          <unitLimit cellLocation="Benefits_Package_2-H.68">
            <cellValue></cellValue>
          </unitLimit>
          <minimumStay cellLocation="Benefits_Package_2-I.68">
            <cellValue></cellValue>
          </minimumStay>
          <exclusion cellLocation="Benefits_Package_2-J.68">
            <cellValue></cellValue>
          </exclusion>
          <explanation cellLocation="Benefits_Package_2-K.68">
            <cellValue></cellValue>
          </explanation>
          <ehbVarianceReason cellLocation="Benefits_Package_2-L.68">
            <cellValue>Above EHB</cellValue>
          </ehbVarianceReason>
          <excludedInNetworkMOOP cellLocation="Benefits_Package_2-M.68">
            <cellValue>Yes</cellValue>
          </excludedInNetworkMOOP>
          <excludedOutOfNetworkMOOP cellLocation="Benefits_Package_2-N.68">
            <cellValue>Yes</cellValue>
          </excludedOutOfNetworkMOOP>
        </benefits>
        <benefits>
          <benefitTypeCode cellLocation="Benefits_Package_2-A.104">
            <cellValue>Dental Check-Up for Children</cellValue>
          </benefitTypeCode>
          <isEHB cellLocation="Benefits_Package_2-C.104">
            <cellValue>Yes</cellValue>
          </isEHB>
          <isStateMandate cellLocation="Benefits_Package_2-D.104">
            <cellValue></cellValue>
          </isStateMandate>
          <isBenefitCovered cellLocation="Benefits_Package_2-E.104">
            <cellValue>Covered</cellValue>
          </isBenefitCovered>
          <serviceLimit cellLocation="Benefits_Package_2-F.104">
            <cellValue>Yes</cellValue>
          </serviceLimit>
          <quantityLimit cellLocation="Benefits_Package_2-G.104">
            <cellValue>1</cellValue>
          </quantityLimit>
          <unitLimit cellLocation="Benefits_Package_2-H.104">
            <cellValue>Visit(s) per 6 Months</cellValue>
          </unitLimit>
          <minimumStay cellLocation="Benefits_Package_2-I.104">
            <cellValue></cellValue>
          </minimumStay>
          <exclusion cellLocation="Benefits_Package_2-J.104">
            <cellValue></cellValue>
          </exclusion>
          <explanation cellLocation="Benefits_Package_2-K.104">
            <cellValue></cellValue>
          </explanation>
          <ehbVarianceReason cellLocation="Benefits_Package_2-L.104">
            <cellValue></cellValue>
          </ehbVarianceReason>
          <excludedInNetworkMOOP cellLocation="Benefits_Package_2-M.104">
            <cellValue>No</cellValue>
          </excludedInNetworkMOOP>
          <excludedOutOfNetworkMOOP cellLocation="Benefits_Package_2-N.104">
            <cellValue>Yes</cellValue>
          </excludedOutOfNetworkMOOP>
        </benefits>
        <benefits>
          <benefitTypeCode cellLocation="Benefits_Package_2-A.110">
            <cellValue>Basic Dental Care - Child</cellValue>
          </benefitTypeCode>
          <isEHB cellLocation="Benefits_Package_2-C.110">
            <cellValue></cellValue>
          </isEHB>
          <isStateMandate cellLocation="Benefits_Package_2-D.110">
            <cellValue></cellValue>
          </isStateMandate>
          <isBenefitCovered cellLocation="Benefits_Package_2-E.110">
            <cellValue>Covered</cellValue>
          </isBenefitCovered>
          <serviceLimit cellLocation="Benefits_Package_2-F.110">
            <cellValue></cellValue>
          </serviceLimit>
          <quantityLimit cellLocation="Benefits_Package_2-G.110">
            <cellValue></cellValue>
          </quantityLimit>
          <unitLimit cellLocation="Benefits_Package_2-H.110">
            <cellValue></cellValue>
          </unitLimit>
          <minimumStay cellLocation="Benefits_Package_2-I.110">
            <cellValue></cellValue>
          </minimumStay>
          <exclusion cellLocation="Benefits_Package_2-J.110">
            <cellValue></cellValue>
          </exclusion>
          <explanation cellLocation="Benefits_Package_2-K.110">
            <cellValue></cellValue>
          </explanation>
          <ehbVarianceReason cellLocation="Benefits_Package_2-L.110">
            <cellValue>Additional EHB Benefit</cellValue>
          </ehbVarianceReason>
          <excludedInNetworkMOOP cellLocation="Benefits_Package_2-M.110">
            <cellValue>No</cellValue>
          </excludedInNetworkMOOP>
          <excludedOutOfNetworkMOOP cellLocation="Benefits_Package_2-N.110">
            <cellValue>Yes</cellValue>
          </excludedOutOfNetworkMOOP>
        </benefits>
        <benefits>
          <benefitTypeCode cellLocation="Benefits_Package_2-A.111">
            <cellValue>Orthodontia - Child</cellValue>
          </benefitTypeCode>
          <isEHB cellLocation="Benefits_Package_2-C.111">
            <cellValue></cellValue>
          </isEHB>
          <isStateMandate cellLocation="Benefits_Package_2-D.111">
            <cellValue></cellValue>
          </isStateMandate>
          <isBenefitCovered cellLocation="Benefits_Package_2-E.111">
            <cellValue>Covered</cellValue>
          </isBenefitCovered>
          <serviceLimit cellLocation="Benefits_Package_2-F.111">
            <cellValue></cellValue>
          </serviceLimit>
          <quantityLimit cellLocation="Benefits_Package_2-G.111">
            <cellValue></cellValue>
          </quantityLimit>
          <unitLimit cellLocation="Benefits_Package_2-H.111">
            <cellValue></cellValue>
          </unitLimit>
          <minimumStay cellLocation="Benefits_Package_2-I.111">
            <cellValue></cellValue>
          </minimumStay>
          <exclusion cellLocation="Benefits_Package_2-J.111">
            <cellValue></cellValue>
          </exclusion>
          <explanation cellLocation="Benefits_Package_2-K.111">
            <cellValue></cellValue>
          </explanation>
          <ehbVarianceReason cellLocation="Benefits_Package_2-L.111">
            <cellValue>Additional EHB Benefit</cellValue>
          </ehbVarianceReason>
          <excludedInNetworkMOOP cellLocation="Benefits_Package_2-M.111">
            <cellValue>No</cellValue>
          </excludedInNetworkMOOP>
          <excludedOutOfNetworkMOOP cellLocation="Benefits_Package_2-N.111">
            <cellValue>Yes</cellValue>
          </excludedOutOfNetworkMOOP>
        </benefits>
        <benefits>
          <benefitTypeCode cellLocation="Benefits_Package_2-A.112">
            <cellValue>Major Dental Care - Child</cellValue>
          </benefitTypeCode>
          <isEHB cellLocation="Benefits_Package_2-C.112">
            <cellValue></cellValue>
          </isEHB>
          <isStateMandate cellLocation="Benefits_Package_2-D.112">
            <cellValue></cellValue>
          </isStateMandate>
          <isBenefitCovered cellLocation="Benefits_Package_2-E.112">
            <cellValue>Covered</cellValue>
          </isBenefitCovered>
          <serviceLimit cellLocation="Benefits_Package_2-F.112">
            <cellValue></cellValue>
          </serviceLimit>
          <quantityLimit cellLocation="Benefits_Package_2-G.112">
            <cellValue></cellValue>
          </quantityLimit>
          <unitLimit cellLocation="Benefits_Package_2-H.112">
            <cellValue></cellValue>
          </unitLimit>
          <minimumStay cellLocation="Benefits_Package_2-I.112">
            <cellValue></cellValue>
          </minimumStay>
          <exclusion cellLocation="Benefits_Package_2-J.112">
            <cellValue></cellValue>
          </exclusion>
          <explanation cellLocation="Benefits_Package_2-K.112">
            <cellValue></cellValue>
          </explanation>
          <ehbVarianceReason cellLocation="Benefits_Package_2-L.112">
            <cellValue>Additional EHB Benefit</cellValue>
          </ehbVarianceReason>
          <excludedInNetworkMOOP cellLocation="Benefits_Package_2-M.112">
            <cellValue>No</cellValue>
          </excludedInNetworkMOOP>
          <excludedOutOfNetworkMOOP cellLocation="Benefits_Package_2-N.112">
            <cellValue>Yes</cellValue>
          </excludedOutOfNetworkMOOP>
        </benefits>
        <benefits>
          <benefitTypeCode cellLocation="Benefits_Package_2-A.113">
            <cellValue>Basic Dental Care - Adult</cellValue>
          </benefitTypeCode>
          <isEHB cellLocation="Benefits_Package_2-C.113">
            <cellValue></cellValue>
          </isEHB>
          <isStateMandate cellLocation="Benefits_Package_2-D.113">
            <cellValue></cellValue>
          </isStateMandate>
          <isBenefitCovered cellLocation="Benefits_Package_2-E.113">
            <cellValue>Covered</cellValue>
          </isBenefitCovered>
          <serviceLimit cellLocation="Benefits_Package_2-F.113">
            <cellValue></cellValue>
          </serviceLimit>
          <quantityLimit cellLocation="Benefits_Package_2-G.113">
            <cellValue></cellValue>
          </quantityLimit>
          <unitLimit cellLocation="Benefits_Package_2-H.113">
            <cellValue></cellValue>
          </unitLimit>
          <minimumStay cellLocation="Benefits_Package_2-I.113">
            <cellValue></cellValue>
          </minimumStay>
          <exclusion cellLocation="Benefits_Package_2-J.113">
            <cellValue></cellValue>
          </exclusion>
          <explanation cellLocation="Benefits_Package_2-K.113">
            <cellValue></cellValue>
          </explanation>
          <ehbVarianceReason cellLocation="Benefits_Package_2-L.113">
            <cellValue>Above EHB</cellValue>
          </ehbVarianceReason>
          <excludedInNetworkMOOP cellLocation="Benefits_Package_2-M.113">
            <cellValue>Yes</cellValue>
          </excludedInNetworkMOOP>
          <excludedOutOfNetworkMOOP cellLocation="Benefits_Package_2-N.113">
            <cellValue>Yes</cellValue>
          </excludedOutOfNetworkMOOP>
        </benefits>
        <benefits>
          <benefitTypeCode cellLocation="Benefits_Package_2-A.114">
            <cellValue>Orthodontia - Adult</cellValue>
          </benefitTypeCode>
          <isEHB cellLocation="Benefits_Package_2-C.114">
            <cellValue></cellValue>
          </isEHB>
          <isStateMandate cellLocation="Benefits_Package_2-D.114">
            <cellValue></cellValue>
          </isStateMandate>
          <isBenefitCovered cellLocation="Benefits_Package_2-E.114">
            <cellValue></cellValue>
          </isBenefitCovered>
          <serviceLimit cellLocation="Benefits_Package_2-F.114">
            <cellValue></cellValue>
          </serviceLimit>
          <quantityLimit cellLocation="Benefits_Package_2-G.114">
            <cellValue></cellValue>
          </quantityLimit>
          <unitLimit cellLocation="Benefits_Package_2-H.114">
            <cellValue></cellValue>
          </unitLimit>
          <minimumStay cellLocation="Benefits_Package_2-I.114">
            <cellValue></cellValue>
          </minimumStay>
          <exclusion cellLocation="Benefits_Package_2-J.114">
            <cellValue></cellValue>
          </exclusion>
          <explanation cellLocation="Benefits_Package_2-K.114">
            <cellValue></cellValue>
          </explanation>
          <ehbVarianceReason cellLocation="Benefits_Package_2-L.114">
            <cellValue></cellValue>
          </ehbVarianceReason>
          <excludedInNetworkMOOP cellLocation="Benefits_Package_2-M.114">
            <cellValue></cellValue>
          </excludedInNetworkMOOP>
          <excludedOutOfNetworkMOOP cellLocation="Benefits_Package_2-N.114">
            <cellValue></cellValue>
          </excludedOutOfNetworkMOOP>
        </benefits>
        <benefits>
          <benefitTypeCode cellLocation="Benefits_Package_2-A.115">
            <cellValue>Major Dental Care - Adult</cellValue>
          </benefitTypeCode>
          <isEHB cellLocation="Benefits_Package_2-C.115">
            <cellValue></cellValue>
          </isEHB>
          <isStateMandate cellLocation="Benefits_Package_2-D.115">
            <cellValue></cellValue>
          </isStateMandate>
          <isBenefitCovered cellLocation="Benefits_Package_2-E.115">
            <cellValue>Covered</cellValue>
          </isBenefitCovered>
          <serviceLimit cellLocation="Benefits_Package_2-F.115">
            <cellValue></cellValue>
          </serviceLimit>
          <quantityLimit cellLocation="Benefits_Package_2-G.115">
            <cellValue></cellValue>
          </quantityLimit>
          <unitLimit cellLocation="Benefits_Package_2-H.115">
            <cellValue></cellValue>
          </unitLimit>
          <minimumStay cellLocation="Benefits_Package_2-I.115">
            <cellValue></cellValue>
          </minimumStay>
          <exclusion cellLocation="Benefits_Package_2-J.115">
            <cellValue></cellValue>
          </exclusion>
          <explanation cellLocation="Benefits_Package_2-K.115">
            <cellValue></cellValue>
          </explanation>
          <ehbVarianceReason cellLocation="Benefits_Package_2-L.115">
            <cellValue>Above EHB</cellValue>
          </ehbVarianceReason>
          <excludedInNetworkMOOP cellLocation="Benefits_Package_2-M.115">
            <cellValue>Yes</cellValue>
          </excludedInNetworkMOOP>
          <excludedOutOfNetworkMOOP cellLocation="Benefits_Package_2-N.115">
            <cellValue>Yes</cellValue>
          </excludedOutOfNetworkMOOP>
        </benefits>
        <benefits>
          <benefitTypeCode cellLocation="Benefits_Package_2-A.118">
            <cellValue>Accidental Dental</cellValue>
          </benefitTypeCode>
          <isEHB cellLocation="Benefits_Package_2-C.118">
            <cellValue></cellValue>
          </isEHB>
          <isStateMandate cellLocation="Benefits_Package_2-D.118">
            <cellValue></cellValue>
          </isStateMandate>
          <isBenefitCovered cellLocation="Benefits_Package_2-E.118">
            <cellValue></cellValue>
          </isBenefitCovered>
          <serviceLimit cellLocation="Benefits_Package_2-F.118">
            <cellValue></cellValue>
          </serviceLimit>
          <quantityLimit cellLocation="Benefits_Package_2-G.118">
            <cellValue></cellValue>
          </quantityLimit>
          <unitLimit cellLocation="Benefits_Package_2-H.118">
            <cellValue></cellValue>
          </unitLimit>
          <minimumStay cellLocation="Benefits_Package_2-I.118">
            <cellValue></cellValue>
          </minimumStay>
          <exclusion cellLocation="Benefits_Package_2-J.118">
            <cellValue></cellValue>
          </exclusion>
          <explanation cellLocation="Benefits_Package_2-K.118">
            <cellValue></cellValue>
          </explanation>
          <ehbVarianceReason cellLocation="Benefits_Package_2-L.118">
            <cellValue></cellValue>
          </ehbVarianceReason>
          <excludedInNetworkMOOP cellLocation="Benefits_Package_2-M.118">
            <cellValue></cellValue>
          </excludedInNetworkMOOP>
          <excludedOutOfNetworkMOOP cellLocation="Benefits_Package_2-N.118">
            <cellValue></cellValue>
          </excludedOutOfNetworkMOOP>
        </benefits>
      </benefitsList>
      <plansList>
        <plans>
          <planAttributes>
            <standardComponentID cellLocation="Benefits_Package_2-A.9">
              <cellValue>96156DC0020004</cellValue>
            </standardComponentID>
            <planMarketingName cellLocation="Benefits_Package_2-B.9">
              <cellValue>Dentegra Dental PPO for Small Businesses Family Preferred Plan</cellValue>
            </planMarketingName>
            <hiosProductID cellLocation="Benefits_Package_2-C.9">
              <cellValue>96156DC002</cellValue>
            </hiosProductID>
            <hpid cellLocation="Benefits_Package_2-D.9">
              <cellValue></cellValue>
            </hpid>
            <networkID cellLocation="Benefits_Package_2-E.9">
              <cellValue>DCN001</cellValue>
            </networkID>
            <serviceAreaID cellLocation="Benefits_Package_2-F.9">
              <cellValue>DCS001</cellValue>
            </serviceAreaID>
            <formularyID cellLocation="Benefits_Package_2-G.9">
              <cellValue></cellValue>
            </formularyID>
            <isNewPlan cellLocation="Benefits_Package_2-H.9">
              <cellValue>Existing</cellValue>
            </isNewPlan>
            <planType cellLocation="Benefits_Package_2-I.9">
              <cellValue>PPO</cellValue>
            </planType>
            <metalLevel cellLocation="Benefits_Package_2-J.9">
              <cellValue>High</cellValue>
            </metalLevel>
            <uniquePlanDesign cellLocation="Benefits_Package_2-K.9">
              <cellValue></cellValue>
            </uniquePlanDesign>
            <qhpOrNonQhp cellLocation="Benefits_Package_2-L.9">
              <cellValue>Both</cellValue>
            </qhpOrNonQhp>
            <insurancePlanPregnancyNoticeReqInd cellLocation="Benefits_Package_2-M.9">
              <cellValue></cellValue>
            </insurancePlanPregnancyNoticeReqInd>
            <isSpecialistReferralRequired cellLocation="Benefits_Package_2-N.9">
              <cellValue></cellValue>
            </isSpecialistReferralRequired>
            <healthCareSpecialistReferralType cellLocation="Benefits_Package_2-O.9">
              <cellValue></cellValue>
            </healthCareSpecialistReferralType>
            <insurancePlanBenefitExclusionText cellLocation="Benefits_Package_2-P.9">
              <cellValue></cellValue>
            </insurancePlanBenefitExclusionText>
            <indianPlanVariation cellLocation="Benefits_Package_2-Q.9">
              <cellValue></cellValue>
            </indianPlanVariation>
            <insurancePlanCompositePremiumAvailableIndicator cellLocation="Benefits_Package_2-R.9">
              <cellValue>No</cellValue>
            </insurancePlanCompositePremiumAvailableIndicator>
            <childOnlyOffering cellLocation="Benefits_Package_2-S.9">
              <cellValue>Allows Adult and Child-Only</cellValue>
            </childOnlyOffering>
            <childOnlyPlanID cellLocation="Benefits_Package_2-T.9">
              <cellValue></cellValue>
            </childOnlyPlanID>
            <isWellnessProgramOffered cellLocation="Benefits_Package_2-U.9">
              <cellValue></cellValue>
            </isWellnessProgramOffered>
            <isDiseaseMgmtProgramsOffered cellLocation="Benefits_Package_2-V.9">
              <cellValue></cellValue>
            </isDiseaseMgmtProgramsOffered>
            <ehbPercentPremium cellLocation="Benefits_Package_2-W.9">
              <cellValue></cellValue>
            </ehbPercentPremium>
            <ehbApportionmentForPediatricDental cellLocation="Benefits_Package_2-X.9">
              <cellValue>$33.32</cellValue>
            </ehbApportionmentForPediatricDental>
            <guaranteedVsEstimatedRate cellLocation="Benefits_Package_2-Y.9">
              <cellValue>Guaranteed Rate </cellValue>
            </guaranteedVsEstimatedRate>
            <maximumCoinsuranceForSpecialtyDrugs cellLocation="Benefits_Package_2-Z.9">
              <cellValue></cellValue>
            </maximumCoinsuranceForSpecialtyDrugs>
            <maxNumDaysForChargingInpatientCopay cellLocation="Benefits_Package_2-AA.9">
              <cellValue></cellValue>
            </maxNumDaysForChargingInpatientCopay>
            <beginPrimaryCareCostSharingAfterSetNumberVisits cellLocation="Benefits_Package_2-AB.9">
              <cellValue></cellValue>
            </beginPrimaryCareCostSharingAfterSetNumberVisits>
            <beginPrimaryCareDeductibleOrCoinsuranceAfterSetNumberCopays cellLocation="Benefits_Package_2-AC.9">
              <cellValue></cellValue>
            </beginPrimaryCareDeductibleOrCoinsuranceAfterSetNumberCopays>
            <planEffectiveDate cellLocation="Benefits_Package_2-AD.9">
              <cellValue>1/1/2016</cellValue>
            </planEffectiveDate>
            <planExpirationDate cellLocation="Benefits_Package_2-AE.9">
              <cellValue></cellValue>
            </planExpirationDate>
            <outOfCountryCoverage cellLocation="Benefits_Package_2-AF.9">
              <cellValue>No</cellValue>
            </outOfCountryCoverage>
            <outOfCountryCoverageDescription cellLocation="Benefits_Package_2-AG.9">
              <cellValue></cellValue>
            </outOfCountryCoverageDescription>
            <outOfServiceAreaCoverage cellLocation="Benefits_Package_2-AH.9">
              <cellValue>Yes</cellValue>
            </outOfServiceAreaCoverage>
            <outOfServiceAreaCoverageDescription cellLocation="Benefits_Package_2-AI.9">
              <cellValue>Nationwide Coverage</cellValue>
            </outOfServiceAreaCoverageDescription>
            <nationalNetwork cellLocation="Benefits_Package_2-AJ.9">
              <cellValue>Yes</cellValue>
            </nationalNetwork>
            <enrollmentPaymentURL cellLocation="Benefits_Package_2-AK.9">
              <cellValue></cellValue>
            </enrollmentPaymentURL>
          </planAttributes>
          <costShareVariancesList>
            <costShareVariance>
              <planId cellLocation="Cost_Share_Variances_2-A.4">
                <cellValue>96156DC0020004-00</cellValue>
              </planId>
              <planMarketingName cellLocation="Cost_Share_Variances_2-B.4">
                <cellValue>Dentegra Dental PPO for Small Businesses Family Preferred Plan</cellValue>
              </planMarketingName>
              <metalLevel cellLocation="Cost_Share_Variances_2-C.4">
                <cellValue>High</cellValue>
              </metalLevel>
              <csrVariationType cellLocation="Cost_Share_Variances_2-D.4">
                <cellValue>Standard High Off Exchange Plan</cellValue>
              </csrVariationType>
              <issuerActuarialValue cellLocation="Cost_Share_Variances_2-E.4">
                <cellValue>83.00%</cellValue>
              </issuerActuarialValue>
              <avCalculatorOutputNumber cellLocation="Cost_Share_Variances_2-F.4">
                <cellValue></cellValue>
              </avCalculatorOutputNumber>
              <medicalAndDrugDeductiblesIntegrated cellLocation="Cost_Share_Variances_2-G.4">
                <cellValue></cellValue>
              </medicalAndDrugDeductiblesIntegrated>
              <medicalAndDrugMaxOutOfPocketIntegrated cellLocation="Cost_Share_Variances_2-H.4">
                <cellValue></cellValue>
              </medicalAndDrugMaxOutOfPocketIntegrated>
              <multipleProviderTiers cellLocation="Cost_Share_Variances_2-I.4">
                <cellValue>No</cellValue>
              </multipleProviderTiers>
              <firstTierUtilization cellLocation="Cost_Share_Variances_2-J.4">
                <cellValue>100%</cellValue>
              </firstTierUtilization>
              <secondTierUtilization cellLocation="Cost_Share_Variances_2-K.4">
                <cellValue></cellValue>
              </secondTierUtilization>
              <hsa>
                <hsaEligibility cellLocation="Cost_Share_Variances_2-BV.4">
                  <cellValue></cellValue>
                </hsaEligibility>
                <employerHSAHRAContributionIndicator cellLocation="Cost_Share_Variances_2-BW.4">
                  <cellValue></cellValue>
                </employerHSAHRAContributionIndicator>
                <empContributionAmountForHSAOrHRA cellLocation="Cost_Share_Variances_2-BX.4">
                  <cellValue></cellValue>
                </empContributionAmountForHSAOrHRA>
              </hsa>
              <url>
                <summaryBenefitAndCoverageURL cellLocation="Cost_Share_Variances_2-BY.4">
                  <cellValue></cellValue>
                </summaryBenefitAndCoverageURL>
                <planBrochure cellLocation="Cost_Share_Variances_2-BZ.4">
                  <cellValue>dentegra.com/hcx/dc/96156dc0020004-16</cellValue>
                </planBrochure>
              </url>
              <moopList>
                <moop>
                  <name cellLocation="Cost_Share_Variances_2-AJ.1">
                    <cellValue>Maximum Out of Pocket for Medical EHB Benefits</cellValue>
                  </name>
                  <inNetworkTier1IndividualAmount cellLocation="Cost_Share_Variances_2-AJ.4">
                    <cellValue>$350</cellValue>
                  </inNetworkTier1IndividualAmount>
                  <inNetworkTier1FamilyAmount cellLocation="Cost_Share_Variances_2-AK.4">
                    <cellValue>$350 per person | $700 per group</cellValue>
                  </inNetworkTier1FamilyAmount>
                  <outOfNetworkIndividualAmount cellLocation="Cost_Share_Variances_2-AN.4">
                    <cellValue>Not Applicable</cellValue>
                  </outOfNetworkIndividualAmount>
                  <outOfNetworkFamilyAmount cellLocation="Cost_Share_Variances_2-AO.4">
                    <cellValue>per person not applicable | per group not applicable</cellValue>
                  </outOfNetworkFamilyAmount>
                  <combinedInOutNetworkIndividualAmount cellLocation="Cost_Share_Variances_2-AP.4">
                    <cellValue>Not Applicable</cellValue>
                  </combinedInOutNetworkIndividualAmount>
                  <combinedInOutNetworkFamilyAmount cellLocation="Cost_Share_Variances_2-AQ.4">
                    <cellValue>per person not applicable | per group not applicable</cellValue>
                  </combinedInOutNetworkFamilyAmount>
                </moop>
              </moopList>
              <planDeductibleList>
                <planDeductible>
                  <deductibleType cellLocation="Cost_Share_Variances_2-BL.1">
                    <cellValue>Medical EHB Deductible</cellValue>
                  </deductibleType>
                  <inNetworkTier1Individual cellLocation="Cost_Share_Variances_2-BL.4">
                    <cellValue>$60</cellValue>
                  </inNetworkTier1Individual>
                  <inNetworkTier1Family cellLocation="Cost_Share_Variances_2-BM.4">
                    <cellValue>per person not applicable | per group not applicable</cellValue>
                  </inNetworkTier1Family>
                  <coinsuranceInNetworkTier1 cellLocation="Cost_Share_Variances_2-BN.4">
                    <cellValue></cellValue>
                  </coinsuranceInNetworkTier1>
                  <outOfNetworkIndividual cellLocation="Cost_Share_Variances_2-BR.4">
                    <cellValue>$60</cellValue>
                  </outOfNetworkIndividual>
                  <outOfNetworkFamily cellLocation="Cost_Share_Variances_2-BS.4">
                    <cellValue>per person not applicable | per group not applicable</cellValue>
                  </outOfNetworkFamily>
                  <combinedInOrOutNetworkIndividual cellLocation="Cost_Share_Variances_2-BT.4">
                    <cellValue>$60</cellValue>
                  </combinedInOrOutNetworkIndividual>
                  <combinedInOrOutNetworkFamily cellLocation="Cost_Share_Variances_2-BU.4">
                    <cellValue>per person not applicable | per group not applicable</cellValue>
                  </combinedInOrOutNetworkFamily>
                </planDeductible>
              </planDeductibleList>
              <serviceVisitList>
                <serviceVisit>
                  <visitType cellLocation="Cost_Share_Variances_2-DJ.1">
                    <cellValue>Routine Dental Services (Adult)</cellValue>
                  </visitType>
                  <copayInNetworkTier1 cellLocation="Cost_Share_Variances_2-DJ.4">
                    <cellValue>Not Applicable</cellValue>
                  </copayInNetworkTier1>
                  <copayOutOfNetwork cellLocation="Cost_Share_Variances_2-DL.4">
                    <cellValue>Not Applicable</cellValue>
                  </copayOutOfNetwork>
                  <coInsuranceInNetworkTier1 cellLocation="Cost_Share_Variances_2-DM.4">
                    <cellValue>0%</cellValue>
                  </coInsuranceInNetworkTier1>
                  <coInsuranceOutOfNetwork cellLocation="Cost_Share_Variances_2-DO.4">
                    <cellValue>0%</cellValue>
                  </coInsuranceOutOfNetwork>
                </serviceVisit>
                <serviceVisit>
                  <visitType cellLocation="Cost_Share_Variances_2-DP.1">
                    <cellValue>Dental Check-Up for Children</cellValue>
                  </visitType>
                  <copayInNetworkTier1 cellLocation="Cost_Share_Variances_2-DP.4">
                    <cellValue>Not Applicable</cellValue>
                  </copayInNetworkTier1>
                  <copayOutOfNetwork cellLocation="Cost_Share_Variances_2-DR.4">
                    <cellValue>Not Applicable</cellValue>
                  </copayOutOfNetwork>
                  <coInsuranceInNetworkTier1 cellLocation="Cost_Share_Variances_2-DS.4">
                    <cellValue>0%</cellValue>
                  </coInsuranceInNetworkTier1>
                  <coInsuranceOutOfNetwork cellLocation="Cost_Share_Variances_2-DU.4">
                    <cellValue>0%</cellValue>
                  </coInsuranceOutOfNetwork>
                </serviceVisit>
                <serviceVisit>
                  <visitType cellLocation="Cost_Share_Variances_2-DV.1">
                    <cellValue>Basic Dental Care - Child</cellValue>
                  </visitType>
                  <copayInNetworkTier1 cellLocation="Cost_Share_Variances_2-DV.4">
                    <cellValue>Not Applicable</cellValue>
                  </copayInNetworkTier1>
                  <copayOutOfNetwork cellLocation="Cost_Share_Variances_2-DX.4">
                    <cellValue>Not Applicable</cellValue>
                  </copayOutOfNetwork>
                  <coInsuranceInNetworkTier1 cellLocation="Cost_Share_Variances_2-DY.4">
                    <cellValue>20% Coinsurance after deductible</cellValue>
                  </coInsuranceInNetworkTier1>
                  <coInsuranceOutOfNetwork cellLocation="Cost_Share_Variances_2-EA.4">
                    <cellValue>20% Coinsurance after deductible</cellValue>
                  </coInsuranceOutOfNetwork>
                </serviceVisit>
                <serviceVisit>
                  <visitType cellLocation="Cost_Share_Variances_2-EB.1">
                    <cellValue>Orthodontia - Child</cellValue>
                  </visitType>
                  <copayInNetworkTier1 cellLocation="Cost_Share_Variances_2-EB.4">
                    <cellValue>Not Applicable</cellValue>
                  </copayInNetworkTier1>
                  <copayOutOfNetwork cellLocation="Cost_Share_Variances_2-ED.4">
                    <cellValue>Not Applicable</cellValue>
                  </copayOutOfNetwork>
                  <coInsuranceInNetworkTier1 cellLocation="Cost_Share_Variances_2-EE.4">
                    <cellValue>50% Coinsurance after deductible</cellValue>
                  </coInsuranceInNetworkTier1>
                  <coInsuranceOutOfNetwork cellLocation="Cost_Share_Variances_2-EG.4">
                    <cellValue>50% Coinsurance after deductible</cellValue>
                  </coInsuranceOutOfNetwork>
                </serviceVisit>
                <serviceVisit>
                  <visitType cellLocation="Cost_Share_Variances_2-EH.1">
                    <cellValue>Major Dental Care - Child</cellValue>
                  </visitType>
                  <copayInNetworkTier1 cellLocation="Cost_Share_Variances_2-EH.4">
                    <cellValue>Not Applicable</cellValue>
                  </copayInNetworkTier1>
                  <copayOutOfNetwork cellLocation="Cost_Share_Variances_2-EJ.4">
                    <cellValue>Not Applicable</cellValue>
                  </copayOutOfNetwork>
                  <coInsuranceInNetworkTier1 cellLocation="Cost_Share_Variances_2-EK.4">
                    <cellValue>50% Coinsurance after deductible</cellValue>
                  </coInsuranceInNetworkTier1>
                  <coInsuranceOutOfNetwork cellLocation="Cost_Share_Variances_2-EM.4">
                    <cellValue>50% Coinsurance after deductible</cellValue>
                  </coInsuranceOutOfNetwork>
                </serviceVisit>
                <serviceVisit>
                  <visitType cellLocation="Cost_Share_Variances_2-EN.1">
                    <cellValue>Basic Dental Care - Adult</cellValue>
                  </visitType>
                  <copayInNetworkTier1 cellLocation="Cost_Share_Variances_2-EN.4">
                    <cellValue>Not Applicable</cellValue>
                  </copayInNetworkTier1>
                  <copayOutOfNetwork cellLocation="Cost_Share_Variances_2-EP.4">
                    <cellValue>Not Applicable</cellValue>
                  </copayOutOfNetwork>
                  <coInsuranceInNetworkTier1 cellLocation="Cost_Share_Variances_2-EQ.4">
                    <cellValue>20% Coinsurance after deductible</cellValue>
                  </coInsuranceInNetworkTier1>
                  <coInsuranceOutOfNetwork cellLocation="Cost_Share_Variances_2-ES.4">
                    <cellValue>20% Coinsurance after deductible</cellValue>
                  </coInsuranceOutOfNetwork>
                </serviceVisit>
                <serviceVisit>
                  <visitType cellLocation="Cost_Share_Variances_2-ET.1">
                    <cellValue>Major Dental Care - Adult</cellValue>
                  </visitType>
                  <copayInNetworkTier1 cellLocation="Cost_Share_Variances_2-ET.4">
                    <cellValue>Not Applicable</cellValue>
                  </copayInNetworkTier1>
                  <copayOutOfNetwork cellLocation="Cost_Share_Variances_2-EV.4">
                    <cellValue>Not Applicable</cellValue>
                  </copayOutOfNetwork>
                  <coInsuranceInNetworkTier1 cellLocation="Cost_Share_Variances_2-EW.4">
                    <cellValue>50% Coinsurance after deductible</cellValue>
                  </coInsuranceInNetworkTier1>
                  <coInsuranceOutOfNetwork cellLocation="Cost_Share_Variances_2-EY.4">
                    <cellValue>50% Coinsurance after deductible</cellValue>
                  </coInsuranceOutOfNetwork>
                </serviceVisit>
              </serviceVisitList>
            </costShareVariance>
            <costShareVariance>
              <planId cellLocation="Cost_Share_Variances_2-A.5">
                <cellValue>96156DC0020004-01</cellValue>
              </planId>
              <planMarketingName cellLocation="Cost_Share_Variances_2-B.5">
                <cellValue>Dentegra Dental PPO for Small Businesses Family Preferred Plan</cellValue>
              </planMarketingName>
              <metalLevel cellLocation="Cost_Share_Variances_2-C.5">
                <cellValue>High</cellValue>
              </metalLevel>
              <csrVariationType cellLocation="Cost_Share_Variances_2-D.5">
                <cellValue>Standard High On Exchange Plan</cellValue>
              </csrVariationType>
              <issuerActuarialValue cellLocation="Cost_Share_Variances_2-E.5">
                <cellValue>83.00%</cellValue>
              </issuerActuarialValue>
              <avCalculatorOutputNumber cellLocation="Cost_Share_Variances_2-F.5">
                <cellValue></cellValue>
              </avCalculatorOutputNumber>
              <medicalAndDrugDeductiblesIntegrated cellLocation="Cost_Share_Variances_2-G.5">
                <cellValue></cellValue>
              </medicalAndDrugDeductiblesIntegrated>
              <medicalAndDrugMaxOutOfPocketIntegrated cellLocation="Cost_Share_Variances_2-H.5">
                <cellValue></cellValue>
              </medicalAndDrugMaxOutOfPocketIntegrated>
              <multipleProviderTiers cellLocation="Cost_Share_Variances_2-I.5">
                <cellValue>No</cellValue>
              </multipleProviderTiers>
              <firstTierUtilization cellLocation="Cost_Share_Variances_2-J.5">
                <cellValue>100%</cellValue>
              </firstTierUtilization>
              <secondTierUtilization cellLocation="Cost_Share_Variances_2-K.5">
                <cellValue></cellValue>
              </secondTierUtilization>
              <hsa>
                <hsaEligibility cellLocation="Cost_Share_Variances_2-BV.5">
                  <cellValue></cellValue>
                </hsaEligibility>
                <employerHSAHRAContributionIndicator cellLocation="Cost_Share_Variances_2-BW.5">
                  <cellValue></cellValue>
                </employerHSAHRAContributionIndicator>
                <empContributionAmountForHSAOrHRA cellLocation="Cost_Share_Variances_2-BX.5">
                  <cellValue></cellValue>
                </empContributionAmountForHSAOrHRA>
              </hsa>
              <url>
                <summaryBenefitAndCoverageURL cellLocation="Cost_Share_Variances_2-BY.5">
                  <cellValue></cellValue>
                </summaryBenefitAndCoverageURL>
                <planBrochure cellLocation="Cost_Share_Variances_2-BZ.5">
                  <cellValue>dentegra.com/hcx/dc/96156dc0020004-16</cellValue>
                </planBrochure>
              </url>
              <moopList>
                <moop>
                  <name cellLocation="Cost_Share_Variances_2-AJ.1">
                    <cellValue>Maximum Out of Pocket for Medical EHB Benefits</cellValue>
                  </name>
                  <inNetworkTier1IndividualAmount cellLocation="Cost_Share_Variances_2-AJ.5">
                    <cellValue>$350</cellValue>
                  </inNetworkTier1IndividualAmount>
                  <inNetworkTier1FamilyAmount cellLocation="Cost_Share_Variances_2-AK.5">
                    <cellValue>$350 per person | $700 per group</cellValue>
                  </inNetworkTier1FamilyAmount>
                  <outOfNetworkIndividualAmount cellLocation="Cost_Share_Variances_2-AN.5">
                    <cellValue>Not Applicable</cellValue>
                  </outOfNetworkIndividualAmount>
                  <outOfNetworkFamilyAmount cellLocation="Cost_Share_Variances_2-AO.5">
                    <cellValue>per person not applicable | per group not applicable</cellValue>
                  </outOfNetworkFamilyAmount>
                  <combinedInOutNetworkIndividualAmount cellLocation="Cost_Share_Variances_2-AP.5">
                    <cellValue>Not Applicable</cellValue>
                  </combinedInOutNetworkIndividualAmount>
                  <combinedInOutNetworkFamilyAmount cellLocation="Cost_Share_Variances_2-AQ.5">
                    <cellValue>per person not applicable | per group not applicable</cellValue>
                  </combinedInOutNetworkFamilyAmount>
                </moop>
              </moopList>
              <planDeductibleList>
                <planDeductible>
                  <deductibleType cellLocation="Cost_Share_Variances_2-BL.1">
                    <cellValue>Medical EHB Deductible</cellValue>
                  </deductibleType>
                  <inNetworkTier1Individual cellLocation="Cost_Share_Variances_2-BL.5">
                    <cellValue>$60</cellValue>
                  </inNetworkTier1Individual>
                  <inNetworkTier1Family cellLocation="Cost_Share_Variances_2-BM.5">
                    <cellValue>per person not applicable | per group not applicable</cellValue>
                  </inNetworkTier1Family>
                  <coinsuranceInNetworkTier1 cellLocation="Cost_Share_Variances_2-BN.5">
                    <cellValue></cellValue>
                  </coinsuranceInNetworkTier1>
                  <outOfNetworkIndividual cellLocation="Cost_Share_Variances_2-BR.5">
                    <cellValue>$60</cellValue>
                  </outOfNetworkIndividual>
                  <outOfNetworkFamily cellLocation="Cost_Share_Variances_2-BS.5">
                    <cellValue>per person not applicable | per group not applicable</cellValue>
                  </outOfNetworkFamily>
                  <combinedInOrOutNetworkIndividual cellLocation="Cost_Share_Variances_2-BT.5">
                    <cellValue>$60</cellValue>
                  </combinedInOrOutNetworkIndividual>
                  <combinedInOrOutNetworkFamily cellLocation="Cost_Share_Variances_2-BU.5">
                    <cellValue>per person not applicable | per group not applicable</cellValue>
                  </combinedInOrOutNetworkFamily>
                </planDeductible>
              </planDeductibleList>
              <serviceVisitList>
                <serviceVisit>
                  <visitType cellLocation="Cost_Share_Variances_2-DJ.1">
                    <cellValue>Routine Dental Services (Adult)</cellValue>
                  </visitType>
                  <copayInNetworkTier1 cellLocation="Cost_Share_Variances_2-DJ.5">
                    <cellValue>Not Applicable</cellValue>
                  </copayInNetworkTier1>
                  <copayOutOfNetwork cellLocation="Cost_Share_Variances_2-DL.5">
                    <cellValue>Not Applicable</cellValue>
                  </copayOutOfNetwork>
                  <coInsuranceInNetworkTier1 cellLocation="Cost_Share_Variances_2-DM.5">
                    <cellValue>0%</cellValue>
                  </coInsuranceInNetworkTier1>
                  <coInsuranceOutOfNetwork cellLocation="Cost_Share_Variances_2-DO.5">
                    <cellValue>0%</cellValue>
                  </coInsuranceOutOfNetwork>
                </serviceVisit>
                <serviceVisit>
                  <visitType cellLocation="Cost_Share_Variances_2-DP.1">
                    <cellValue>Dental Check-Up for Children</cellValue>
                  </visitType>
                  <copayInNetworkTier1 cellLocation="Cost_Share_Variances_2-DP.5">
                    <cellValue>Not Applicable</cellValue>
                  </copayInNetworkTier1>
                  <copayOutOfNetwork cellLocation="Cost_Share_Variances_2-DR.5">
                    <cellValue>Not Applicable</cellValue>
                  </copayOutOfNetwork>
                  <coInsuranceInNetworkTier1 cellLocation="Cost_Share_Variances_2-DS.5">
                    <cellValue>0%</cellValue>
                  </coInsuranceInNetworkTier1>
                  <coInsuranceOutOfNetwork cellLocation="Cost_Share_Variances_2-DU.5">
                    <cellValue>0%</cellValue>
                  </coInsuranceOutOfNetwork>
                </serviceVisit>
                <serviceVisit>
                  <visitType cellLocation="Cost_Share_Variances_2-DV.1">
                    <cellValue>Basic Dental Care - Child</cellValue>
                  </visitType>
                  <copayInNetworkTier1 cellLocation="Cost_Share_Variances_2-DV.5">
                    <cellValue>Not Applicable</cellValue>
                  </copayInNetworkTier1>
                  <copayOutOfNetwork cellLocation="Cost_Share_Variances_2-DX.5">
                    <cellValue>Not Applicable</cellValue>
                  </copayOutOfNetwork>
                  <coInsuranceInNetworkTier1 cellLocation="Cost_Share_Variances_2-DY.5">
                    <cellValue>20% Coinsurance after deductible</cellValue>
                  </coInsuranceInNetworkTier1>
                  <coInsuranceOutOfNetwork cellLocation="Cost_Share_Variances_2-EA.5">
                    <cellValue>20% Coinsurance after deductible</cellValue>
                  </coInsuranceOutOfNetwork>
                </serviceVisit>
                <serviceVisit>
                  <visitType cellLocation="Cost_Share_Variances_2-EB.1">
                    <cellValue>Orthodontia - Child</cellValue>
                  </visitType>
                  <copayInNetworkTier1 cellLocation="Cost_Share_Variances_2-EB.5">
                    <cellValue>Not Applicable</cellValue>
                  </copayInNetworkTier1>
                  <copayOutOfNetwork cellLocation="Cost_Share_Variances_2-ED.5">
                    <cellValue>Not Applicable</cellValue>
                  </copayOutOfNetwork>
                  <coInsuranceInNetworkTier1 cellLocation="Cost_Share_Variances_2-EE.5">
                    <cellValue>50% Coinsurance after deductible</cellValue>
                  </coInsuranceInNetworkTier1>
                  <coInsuranceOutOfNetwork cellLocation="Cost_Share_Variances_2-EG.5">
                    <cellValue>50% Coinsurance after deductible</cellValue>
                  </coInsuranceOutOfNetwork>
                </serviceVisit>
                <serviceVisit>
                  <visitType cellLocation="Cost_Share_Variances_2-EH.1">
                    <cellValue>Major Dental Care - Child</cellValue>
                  </visitType>
                  <copayInNetworkTier1 cellLocation="Cost_Share_Variances_2-EH.5">
                    <cellValue>Not Applicable</cellValue>
                  </copayInNetworkTier1>
                  <copayOutOfNetwork cellLocation="Cost_Share_Variances_2-EJ.5">
                    <cellValue>Not Applicable</cellValue>
                  </copayOutOfNetwork>
                  <coInsuranceInNetworkTier1 cellLocation="Cost_Share_Variances_2-EK.5">
                    <cellValue>50% Coinsurance after deductible</cellValue>
                  </coInsuranceInNetworkTier1>
                  <coInsuranceOutOfNetwork cellLocation="Cost_Share_Variances_2-EM.5">
                    <cellValue>50% Coinsurance after deductible</cellValue>
                  </coInsuranceOutOfNetwork>
                </serviceVisit>
                <serviceVisit>
                  <visitType cellLocation="Cost_Share_Variances_2-EN.1">
                    <cellValue>Basic Dental Care - Adult</cellValue>
                  </visitType>
                  <copayInNetworkTier1 cellLocation="Cost_Share_Variances_2-EN.5">
                    <cellValue>Not Applicable</cellValue>
                  </copayInNetworkTier1>
                  <copayOutOfNetwork cellLocation="Cost_Share_Variances_2-EP.5">
                    <cellValue>Not Applicable</cellValue>
                  </copayOutOfNetwork>
                  <coInsuranceInNetworkTier1 cellLocation="Cost_Share_Variances_2-EQ.5">
                    <cellValue>20% Coinsurance after deductible</cellValue>
                  </coInsuranceInNetworkTier1>
                  <coInsuranceOutOfNetwork cellLocation="Cost_Share_Variances_2-ES.5">
                    <cellValue>20% Coinsurance after deductible</cellValue>
                  </coInsuranceOutOfNetwork>
                </serviceVisit>
                <serviceVisit>
                  <visitType cellLocation="Cost_Share_Variances_2-ET.1">
                    <cellValue>Major Dental Care - Adult</cellValue>
                  </visitType>
                  <copayInNetworkTier1 cellLocation="Cost_Share_Variances_2-ET.5">
                    <cellValue>Not Applicable</cellValue>
                  </copayInNetworkTier1>
                  <copayOutOfNetwork cellLocation="Cost_Share_Variances_2-EV.5">
                    <cellValue>Not Applicable</cellValue>
                  </copayOutOfNetwork>
                  <coInsuranceInNetworkTier1 cellLocation="Cost_Share_Variances_2-EW.5">
                    <cellValue>50% Coinsurance after deductible</cellValue>
                  </coInsuranceInNetworkTier1>
                  <coInsuranceOutOfNetwork cellLocation="Cost_Share_Variances_2-EY.5">
                    <cellValue>50% Coinsurance after deductible</cellValue>
                  </coInsuranceOutOfNetwork>
                </serviceVisit>
              </serviceVisitList>
            </costShareVariance>
          </costShareVariancesList>
        </plans>
      </plansList>
    </packages>
    <packages>
      <header>
        <templateVersion>v5.12</templateVersion>
        <issuerId cellLocation="Benefits_Package_3-B.2">
          <cellValue>96156</cellValue>
        </issuerId>
        <statePostalCode cellLocation="Benefits_Package_3-B.3">
          <cellValue>DC</cellValue>
        </statePostalCode>
        <marketCoverage cellLocation="Benefits_Package_3-B.4">
          <cellValue>SHOP (Small Group)</cellValue>
        </marketCoverage>
        <dentalPlanOnlyInd cellLocation="Benefits_Package_3-B.5">
          <cellValue>Yes</cellValue>
        </dentalPlanOnlyInd>
        <tin cellLocation="Benefits_Package_3-B.6">
          <cellValue>75-1233841</cellValue>
        </tin>
      </header>
      <benefitsList>
        <benefits>
          <benefitTypeCode cellLocation="Benefits_Package_3-A.68">
            <cellValue>Routine Dental Services (Adult)</cellValue>
          </benefitTypeCode>
          <isEHB cellLocation="Benefits_Package_3-C.68">
            <cellValue></cellValue>
          </isEHB>
          <isStateMandate cellLocation="Benefits_Package_3-D.68">
            <cellValue></cellValue>
          </isStateMandate>
          <isBenefitCovered cellLocation="Benefits_Package_3-E.68">
            <cellValue>Covered</cellValue>
          </isBenefitCovered>
          <serviceLimit cellLocation="Benefits_Package_3-F.68">
            <cellValue></cellValue>
          </serviceLimit>
          <quantityLimit cellLocation="Benefits_Package_3-G.68">
            <cellValue></cellValue>
          </quantityLimit>
          <unitLimit cellLocation="Benefits_Package_3-H.68">
            <cellValue></cellValue>
          </unitLimit>
          <minimumStay cellLocation="Benefits_Package_3-I.68">
            <cellValue></cellValue>
          </minimumStay>
          <exclusion cellLocation="Benefits_Package_3-J.68">
            <cellValue></cellValue>
          </exclusion>
          <explanation cellLocation="Benefits_Package_3-K.68">
            <cellValue></cellValue>
          </explanation>
          <ehbVarianceReason cellLocation="Benefits_Package_3-L.68">
            <cellValue>Above EHB</cellValue>
          </ehbVarianceReason>
          <excludedInNetworkMOOP cellLocation="Benefits_Package_3-M.68">
            <cellValue>Yes</cellValue>
          </excludedInNetworkMOOP>
          <excludedOutOfNetworkMOOP cellLocation="Benefits_Package_3-N.68">
            <cellValue>Yes</cellValue>
          </excludedOutOfNetworkMOOP>
        </benefits>
        <benefits>
          <benefitTypeCode cellLocation="Benefits_Package_3-A.104">
            <cellValue>Dental Check-Up for Children</cellValue>
          </benefitTypeCode>
          <isEHB cellLocation="Benefits_Package_3-C.104">
            <cellValue>Yes</cellValue>
          </isEHB>
          <isStateMandate cellLocation="Benefits_Package_3-D.104">
            <cellValue></cellValue>
          </isStateMandate>
          <isBenefitCovered cellLocation="Benefits_Package_3-E.104">
            <cellValue>Covered</cellValue>
          </isBenefitCovered>
          <serviceLimit cellLocation="Benefits_Package_3-F.104">
            <cellValue>Yes</cellValue>
          </serviceLimit>
          <quantityLimit cellLocation="Benefits_Package_3-G.104">
            <cellValue>1</cellValue>
          </quantityLimit>
          <unitLimit cellLocation="Benefits_Package_3-H.104">
            <cellValue>Visit(s) per 6 Months</cellValue>
          </unitLimit>
          <minimumStay cellLocation="Benefits_Package_3-I.104">
            <cellValue></cellValue>
          </minimumStay>
          <exclusion cellLocation="Benefits_Package_3-J.104">
            <cellValue></cellValue>
          </exclusion>
          <explanation cellLocation="Benefits_Package_3-K.104">
            <cellValue></cellValue>
          </explanation>
          <ehbVarianceReason cellLocation="Benefits_Package_3-L.104">
            <cellValue></cellValue>
          </ehbVarianceReason>
          <excludedInNetworkMOOP cellLocation="Benefits_Package_3-M.104">
            <cellValue>No</cellValue>
          </excludedInNetworkMOOP>
          <excludedOutOfNetworkMOOP cellLocation="Benefits_Package_3-N.104">
            <cellValue>Yes</cellValue>
          </excludedOutOfNetworkMOOP>
        </benefits>
        <benefits>
          <benefitTypeCode cellLocation="Benefits_Package_3-A.110">
            <cellValue>Basic Dental Care - Child</cellValue>
          </benefitTypeCode>
          <isEHB cellLocation="Benefits_Package_3-C.110">
            <cellValue></cellValue>
          </isEHB>
          <isStateMandate cellLocation="Benefits_Package_3-D.110">
            <cellValue></cellValue>
          </isStateMandate>
          <isBenefitCovered cellLocation="Benefits_Package_3-E.110">
            <cellValue>Covered</cellValue>
          </isBenefitCovered>
          <serviceLimit cellLocation="Benefits_Package_3-F.110">
            <cellValue></cellValue>
          </serviceLimit>
          <quantityLimit cellLocation="Benefits_Package_3-G.110">
            <cellValue></cellValue>
          </quantityLimit>
          <unitLimit cellLocation="Benefits_Package_3-H.110">
            <cellValue></cellValue>
          </unitLimit>
          <minimumStay cellLocation="Benefits_Package_3-I.110">
            <cellValue></cellValue>
          </minimumStay>
          <exclusion cellLocation="Benefits_Package_3-J.110">
            <cellValue></cellValue>
          </exclusion>
          <explanation cellLocation="Benefits_Package_3-K.110">
            <cellValue></cellValue>
          </explanation>
          <ehbVarianceReason cellLocation="Benefits_Package_3-L.110">
            <cellValue>Additional EHB Benefit</cellValue>
          </ehbVarianceReason>
          <excludedInNetworkMOOP cellLocation="Benefits_Package_3-M.110">
            <cellValue>No</cellValue>
          </excludedInNetworkMOOP>
          <excludedOutOfNetworkMOOP cellLocation="Benefits_Package_3-N.110">
            <cellValue>Yes</cellValue>
          </excludedOutOfNetworkMOOP>
        </benefits>
        <benefits>
          <benefitTypeCode cellLocation="Benefits_Package_3-A.111">
            <cellValue>Orthodontia - Child</cellValue>
          </benefitTypeCode>
          <isEHB cellLocation="Benefits_Package_3-C.111">
            <cellValue></cellValue>
          </isEHB>
          <isStateMandate cellLocation="Benefits_Package_3-D.111">
            <cellValue></cellValue>
          </isStateMandate>
          <isBenefitCovered cellLocation="Benefits_Package_3-E.111">
            <cellValue>Covered</cellValue>
          </isBenefitCovered>
          <serviceLimit cellLocation="Benefits_Package_3-F.111">
            <cellValue></cellValue>
          </serviceLimit>
          <quantityLimit cellLocation="Benefits_Package_3-G.111">
            <cellValue></cellValue>
          </quantityLimit>
          <unitLimit cellLocation="Benefits_Package_3-H.111">
            <cellValue></cellValue>
          </unitLimit>
          <minimumStay cellLocation="Benefits_Package_3-I.111">
            <cellValue></cellValue>
          </minimumStay>
          <exclusion cellLocation="Benefits_Package_3-J.111">
            <cellValue></cellValue>
          </exclusion>
          <explanation cellLocation="Benefits_Package_3-K.111">
            <cellValue></cellValue>
          </explanation>
          <ehbVarianceReason cellLocation="Benefits_Package_3-L.111">
            <cellValue>Additional EHB Benefit</cellValue>
          </ehbVarianceReason>
          <excludedInNetworkMOOP cellLocation="Benefits_Package_3-M.111">
            <cellValue>No</cellValue>
          </excludedInNetworkMOOP>
          <excludedOutOfNetworkMOOP cellLocation="Benefits_Package_3-N.111">
            <cellValue>Yes</cellValue>
          </excludedOutOfNetworkMOOP>
        </benefits>
        <benefits>
          <benefitTypeCode cellLocation="Benefits_Package_3-A.112">
            <cellValue>Major Dental Care - Child</cellValue>
          </benefitTypeCode>
          <isEHB cellLocation="Benefits_Package_3-C.112">
            <cellValue></cellValue>
          </isEHB>
          <isStateMandate cellLocation="Benefits_Package_3-D.112">
            <cellValue></cellValue>
          </isStateMandate>
          <isBenefitCovered cellLocation="Benefits_Package_3-E.112">
            <cellValue>Covered</cellValue>
          </isBenefitCovered>
          <serviceLimit cellLocation="Benefits_Package_3-F.112">
            <cellValue></cellValue>
          </serviceLimit>
          <quantityLimit cellLocation="Benefits_Package_3-G.112">
            <cellValue></cellValue>
          </quantityLimit>
          <unitLimit cellLocation="Benefits_Package_3-H.112">
            <cellValue></cellValue>
          </unitLimit>
          <minimumStay cellLocation="Benefits_Package_3-I.112">
            <cellValue></cellValue>
          </minimumStay>
          <exclusion cellLocation="Benefits_Package_3-J.112">
            <cellValue></cellValue>
          </exclusion>
          <explanation cellLocation="Benefits_Package_3-K.112">
            <cellValue></cellValue>
          </explanation>
          <ehbVarianceReason cellLocation="Benefits_Package_3-L.112">
            <cellValue>Additional EHB Benefit</cellValue>
          </ehbVarianceReason>
          <excludedInNetworkMOOP cellLocation="Benefits_Package_3-M.112">
            <cellValue>No</cellValue>
          </excludedInNetworkMOOP>
          <excludedOutOfNetworkMOOP cellLocation="Benefits_Package_3-N.112">
            <cellValue>Yes</cellValue>
          </excludedOutOfNetworkMOOP>
        </benefits>
        <benefits>
          <benefitTypeCode cellLocation="Benefits_Package_3-A.113">
            <cellValue>Basic Dental Care - Adult</cellValue>
          </benefitTypeCode>
          <isEHB cellLocation="Benefits_Package_3-C.113">
            <cellValue></cellValue>
          </isEHB>
          <isStateMandate cellLocation="Benefits_Package_3-D.113">
            <cellValue></cellValue>
          </isStateMandate>
          <isBenefitCovered cellLocation="Benefits_Package_3-E.113">
            <cellValue>Covered</cellValue>
          </isBenefitCovered>
          <serviceLimit cellLocation="Benefits_Package_3-F.113">
            <cellValue></cellValue>
          </serviceLimit>
          <quantityLimit cellLocation="Benefits_Package_3-G.113">
            <cellValue></cellValue>
          </quantityLimit>
          <unitLimit cellLocation="Benefits_Package_3-H.113">
            <cellValue></cellValue>
          </unitLimit>
          <minimumStay cellLocation="Benefits_Package_3-I.113">
            <cellValue></cellValue>
          </minimumStay>
          <exclusion cellLocation="Benefits_Package_3-J.113">
            <cellValue></cellValue>
          </exclusion>
          <explanation cellLocation="Benefits_Package_3-K.113">
            <cellValue></cellValue>
          </explanation>
          <ehbVarianceReason cellLocation="Benefits_Package_3-L.113">
            <cellValue>Above EHB</cellValue>
          </ehbVarianceReason>
          <excludedInNetworkMOOP cellLocation="Benefits_Package_3-M.113">
            <cellValue>Yes</cellValue>
          </excludedInNetworkMOOP>
          <excludedOutOfNetworkMOOP cellLocation="Benefits_Package_3-N.113">
            <cellValue>Yes</cellValue>
          </excludedOutOfNetworkMOOP>
        </benefits>
        <benefits>
          <benefitTypeCode cellLocation="Benefits_Package_3-A.114">
            <cellValue>Orthodontia - Adult</cellValue>
          </benefitTypeCode>
          <isEHB cellLocation="Benefits_Package_3-C.114">
            <cellValue></cellValue>
          </isEHB>
          <isStateMandate cellLocation="Benefits_Package_3-D.114">
            <cellValue></cellValue>
          </isStateMandate>
          <isBenefitCovered cellLocation="Benefits_Package_3-E.114">
            <cellValue></cellValue>
          </isBenefitCovered>
          <serviceLimit cellLocation="Benefits_Package_3-F.114">
            <cellValue></cellValue>
          </serviceLimit>
          <quantityLimit cellLocation="Benefits_Package_3-G.114">
            <cellValue></cellValue>
          </quantityLimit>
          <unitLimit cellLocation="Benefits_Package_3-H.114">
            <cellValue></cellValue>
          </unitLimit>
          <minimumStay cellLocation="Benefits_Package_3-I.114">
            <cellValue></cellValue>
          </minimumStay>
          <exclusion cellLocation="Benefits_Package_3-J.114">
            <cellValue></cellValue>
          </exclusion>
          <explanation cellLocation="Benefits_Package_3-K.114">
            <cellValue></cellValue>
          </explanation>
          <ehbVarianceReason cellLocation="Benefits_Package_3-L.114">
            <cellValue></cellValue>
          </ehbVarianceReason>
          <excludedInNetworkMOOP cellLocation="Benefits_Package_3-M.114">
            <cellValue></cellValue>
          </excludedInNetworkMOOP>
          <excludedOutOfNetworkMOOP cellLocation="Benefits_Package_3-N.114">
            <cellValue></cellValue>
          </excludedOutOfNetworkMOOP>
        </benefits>
        <benefits>
          <benefitTypeCode cellLocation="Benefits_Package_3-A.115">
            <cellValue>Major Dental Care - Adult</cellValue>
          </benefitTypeCode>
          <isEHB cellLocation="Benefits_Package_3-C.115">
            <cellValue></cellValue>
          </isEHB>
          <isStateMandate cellLocation="Benefits_Package_3-D.115">
            <cellValue></cellValue>
          </isStateMandate>
          <isBenefitCovered cellLocation="Benefits_Package_3-E.115">
            <cellValue></cellValue>
          </isBenefitCovered>
          <serviceLimit cellLocation="Benefits_Package_3-F.115">
            <cellValue></cellValue>
          </serviceLimit>
          <quantityLimit cellLocation="Benefits_Package_3-G.115">
            <cellValue></cellValue>
          </quantityLimit>
          <unitLimit cellLocation="Benefits_Package_3-H.115">
            <cellValue></cellValue>
          </unitLimit>
          <minimumStay cellLocation="Benefits_Package_3-I.115">
            <cellValue></cellValue>
          </minimumStay>
          <exclusion cellLocation="Benefits_Package_3-J.115">
            <cellValue></cellValue>
          </exclusion>
          <explanation cellLocation="Benefits_Package_3-K.115">
            <cellValue></cellValue>
          </explanation>
          <ehbVarianceReason cellLocation="Benefits_Package_3-L.115">
            <cellValue></cellValue>
          </ehbVarianceReason>
          <excludedInNetworkMOOP cellLocation="Benefits_Package_3-M.115">
            <cellValue></cellValue>
          </excludedInNetworkMOOP>
          <excludedOutOfNetworkMOOP cellLocation="Benefits_Package_3-N.115">
            <cellValue></cellValue>
          </excludedOutOfNetworkMOOP>
        </benefits>
        <benefits>
          <benefitTypeCode cellLocation="Benefits_Package_3-A.118">
            <cellValue>Accidental Dental</cellValue>
          </benefitTypeCode>
          <isEHB cellLocation="Benefits_Package_3-C.118">
            <cellValue></cellValue>
          </isEHB>
          <isStateMandate cellLocation="Benefits_Package_3-D.118">
            <cellValue></cellValue>
          </isStateMandate>
          <isBenefitCovered cellLocation="Benefits_Package_3-E.118">
            <cellValue></cellValue>
          </isBenefitCovered>
          <serviceLimit cellLocation="Benefits_Package_3-F.118">
            <cellValue></cellValue>
          </serviceLimit>
          <quantityLimit cellLocation="Benefits_Package_3-G.118">
            <cellValue></cellValue>
          </quantityLimit>
          <unitLimit cellLocation="Benefits_Package_3-H.118">
            <cellValue></cellValue>
          </unitLimit>
          <minimumStay cellLocation="Benefits_Package_3-I.118">
            <cellValue></cellValue>
          </minimumStay>
          <exclusion cellLocation="Benefits_Package_3-J.118">
            <cellValue></cellValue>
          </exclusion>
          <explanation cellLocation="Benefits_Package_3-K.118">
            <cellValue></cellValue>
          </explanation>
          <ehbVarianceReason cellLocation="Benefits_Package_3-L.118">
            <cellValue></cellValue>
          </ehbVarianceReason>
          <excludedInNetworkMOOP cellLocation="Benefits_Package_3-M.118">
            <cellValue></cellValue>
          </excludedInNetworkMOOP>
          <excludedOutOfNetworkMOOP cellLocation="Benefits_Package_3-N.118">
            <cellValue></cellValue>
          </excludedOutOfNetworkMOOP>
        </benefits>
      </benefitsList>
      <plansList>
        <plans>
          <planAttributes>
            <standardComponentID cellLocation="Benefits_Package_3-A.9">
              <cellValue>96156DC0020006</cellValue>
            </standardComponentID>
            <planMarketingName cellLocation="Benefits_Package_3-B.9">
              <cellValue>Dentegra Dental PPO for Small Businesses Family Basic Plan</cellValue>
            </planMarketingName>
            <hiosProductID cellLocation="Benefits_Package_3-C.9">
              <cellValue>96156DC002</cellValue>
            </hiosProductID>
            <hpid cellLocation="Benefits_Package_3-D.9">
              <cellValue></cellValue>
            </hpid>
            <networkID cellLocation="Benefits_Package_3-E.9">
              <cellValue>DCN001</cellValue>
            </networkID>
            <serviceAreaID cellLocation="Benefits_Package_3-F.9">
              <cellValue>DCS001</cellValue>
            </serviceAreaID>
            <formularyID cellLocation="Benefits_Package_3-G.9">
              <cellValue></cellValue>
            </formularyID>
            <isNewPlan cellLocation="Benefits_Package_3-H.9">
              <cellValue>Existing</cellValue>
            </isNewPlan>
            <planType cellLocation="Benefits_Package_3-I.9">
              <cellValue>PPO</cellValue>
            </planType>
            <metalLevel cellLocation="Benefits_Package_3-J.9">
              <cellValue>Low</cellValue>
            </metalLevel>
            <uniquePlanDesign cellLocation="Benefits_Package_3-K.9">
              <cellValue></cellValue>
            </uniquePlanDesign>
            <qhpOrNonQhp cellLocation="Benefits_Package_3-L.9">
              <cellValue>Both</cellValue>
            </qhpOrNonQhp>
            <insurancePlanPregnancyNoticeReqInd cellLocation="Benefits_Package_3-M.9">
              <cellValue></cellValue>
            </insurancePlanPregnancyNoticeReqInd>
            <isSpecialistReferralRequired cellLocation="Benefits_Package_3-N.9">
              <cellValue></cellValue>
            </isSpecialistReferralRequired>
            <healthCareSpecialistReferralType cellLocation="Benefits_Package_3-O.9">
              <cellValue></cellValue>
            </healthCareSpecialistReferralType>
            <insurancePlanBenefitExclusionText cellLocation="Benefits_Package_3-P.9">
              <cellValue></cellValue>
            </insurancePlanBenefitExclusionText>
            <indianPlanVariation cellLocation="Benefits_Package_3-Q.9">
              <cellValue></cellValue>
            </indianPlanVariation>
            <insurancePlanCompositePremiumAvailableIndicator cellLocation="Benefits_Package_3-R.9">
              <cellValue>No</cellValue>
            </insurancePlanCompositePremiumAvailableIndicator>
            <childOnlyOffering cellLocation="Benefits_Package_3-S.9">
              <cellValue>Allows Adult and Child-Only</cellValue>
            </childOnlyOffering>
            <childOnlyPlanID cellLocation="Benefits_Package_3-T.9">
              <cellValue></cellValue>
            </childOnlyPlanID>
            <isWellnessProgramOffered cellLocation="Benefits_Package_3-U.9">
              <cellValue></cellValue>
            </isWellnessProgramOffered>
            <isDiseaseMgmtProgramsOffered cellLocation="Benefits_Package_3-V.9">
              <cellValue></cellValue>
            </isDiseaseMgmtProgramsOffered>
            <ehbPercentPremium cellLocation="Benefits_Package_3-W.9">
              <cellValue></cellValue>
            </ehbPercentPremium>
            <ehbApportionmentForPediatricDental cellLocation="Benefits_Package_3-X.9">
              <cellValue>$26.30</cellValue>
            </ehbApportionmentForPediatricDental>
            <guaranteedVsEstimatedRate cellLocation="Benefits_Package_3-Y.9">
              <cellValue>Guaranteed Rate </cellValue>
            </guaranteedVsEstimatedRate>
            <maximumCoinsuranceForSpecialtyDrugs cellLocation="Benefits_Package_3-Z.9">
              <cellValue></cellValue>
            </maximumCoinsuranceForSpecialtyDrugs>
            <maxNumDaysForChargingInpatientCopay cellLocation="Benefits_Package_3-AA.9">
              <cellValue></cellValue>
            </maxNumDaysForChargingInpatientCopay>
            <beginPrimaryCareCostSharingAfterSetNumberVisits cellLocation="Benefits_Package_3-AB.9">
              <cellValue></cellValue>
            </beginPrimaryCareCostSharingAfterSetNumberVisits>
            <beginPrimaryCareDeductibleOrCoinsuranceAfterSetNumberCopays cellLocation="Benefits_Package_3-AC.9">
              <cellValue></cellValue>
            </beginPrimaryCareDeductibleOrCoinsuranceAfterSetNumberCopays>
            <planEffectiveDate cellLocation="Benefits_Package_3-AD.9">
              <cellValue>1/1/2016</cellValue>
            </planEffectiveDate>
            <planExpirationDate cellLocation="Benefits_Package_3-AE.9">
              <cellValue></cellValue>
            </planExpirationDate>
            <outOfCountryCoverage cellLocation="Benefits_Package_3-AF.9">
              <cellValue>No</cellValue>
            </outOfCountryCoverage>
            <outOfCountryCoverageDescription cellLocation="Benefits_Package_3-AG.9">
              <cellValue></cellValue>
            </outOfCountryCoverageDescription>
            <outOfServiceAreaCoverage cellLocation="Benefits_Package_3-AH.9">
              <cellValue>Yes</cellValue>
            </outOfServiceAreaCoverage>
            <outOfServiceAreaCoverageDescription cellLocation="Benefits_Package_3-AI.9">
              <cellValue>Nationwide Coverage</cellValue>
            </outOfServiceAreaCoverageDescription>
            <nationalNetwork cellLocation="Benefits_Package_3-AJ.9">
              <cellValue>Yes</cellValue>
            </nationalNetwork>
            <enrollmentPaymentURL cellLocation="Benefits_Package_3-AK.9">
              <cellValue></cellValue>
            </enrollmentPaymentURL>
          </planAttributes>
          <costShareVariancesList>
            <costShareVariance>
              <planId cellLocation="Cost_Share_Variances_3-A.4">
                <cellValue>96156DC0020006-00</cellValue>
              </planId>
              <planMarketingName cellLocation="Cost_Share_Variances_3-B.4">
                <cellValue>Dentegra Dental PPO for Small Businesses Family Basic Plan</cellValue>
              </planMarketingName>
              <metalLevel cellLocation="Cost_Share_Variances_3-C.4">
                <cellValue>Low</cellValue>
              </metalLevel>
              <csrVariationType cellLocation="Cost_Share_Variances_3-D.4">
                <cellValue>Standard Low Off Exchange Plan</cellValue>
              </csrVariationType>
              <issuerActuarialValue cellLocation="Cost_Share_Variances_3-E.4">
                <cellValue>68.00%</cellValue>
              </issuerActuarialValue>
              <avCalculatorOutputNumber cellLocation="Cost_Share_Variances_3-F.4">
                <cellValue></cellValue>
              </avCalculatorOutputNumber>
              <medicalAndDrugDeductiblesIntegrated cellLocation="Cost_Share_Variances_3-G.4">
                <cellValue></cellValue>
              </medicalAndDrugDeductiblesIntegrated>
              <medicalAndDrugMaxOutOfPocketIntegrated cellLocation="Cost_Share_Variances_3-H.4">
                <cellValue></cellValue>
              </medicalAndDrugMaxOutOfPocketIntegrated>
              <multipleProviderTiers cellLocation="Cost_Share_Variances_3-I.4">
                <cellValue>No</cellValue>
              </multipleProviderTiers>
              <firstTierUtilization cellLocation="Cost_Share_Variances_3-J.4">
                <cellValue>100%</cellValue>
              </firstTierUtilization>
              <secondTierUtilization cellLocation="Cost_Share_Variances_3-K.4">
                <cellValue></cellValue>
              </secondTierUtilization>
              <hsa>
                <hsaEligibility cellLocation="Cost_Share_Variances_3-BV.4">
                  <cellValue></cellValue>
                </hsaEligibility>
                <employerHSAHRAContributionIndicator cellLocation="Cost_Share_Variances_3-BW.4">
                  <cellValue></cellValue>
                </employerHSAHRAContributionIndicator>
                <empContributionAmountForHSAOrHRA cellLocation="Cost_Share_Variances_3-BX.4">
                  <cellValue></cellValue>
                </empContributionAmountForHSAOrHRA>
              </hsa>
              <url>
                <summaryBenefitAndCoverageURL cellLocation="Cost_Share_Variances_3-BY.4">
                  <cellValue></cellValue>
                </summaryBenefitAndCoverageURL>
                <planBrochure cellLocation="Cost_Share_Variances_3-BZ.4">
                  <cellValue>dentegra.com/hcx/dc/96156dc0020006-16</cellValue>
                </planBrochure>
              </url>
              <moopList>
                <moop>
                  <name cellLocation="Cost_Share_Variances_3-AJ.1">
                    <cellValue>Maximum Out of Pocket for Medical EHB Benefits</cellValue>
                  </name>
                  <inNetworkTier1IndividualAmount cellLocation="Cost_Share_Variances_3-AJ.4">
                    <cellValue>$350</cellValue>
                  </inNetworkTier1IndividualAmount>
                  <inNetworkTier1FamilyAmount cellLocation="Cost_Share_Variances_3-AK.4">
                    <cellValue>$350 per person | $700 per group</cellValue>
                  </inNetworkTier1FamilyAmount>
                  <outOfNetworkIndividualAmount cellLocation="Cost_Share_Variances_3-AN.4">
                    <cellValue>Not Applicable</cellValue>
                  </outOfNetworkIndividualAmount>
                  <outOfNetworkFamilyAmount cellLocation="Cost_Share_Variances_3-AO.4">
                    <cellValue>per person not applicable | per group not applicable</cellValue>
                  </outOfNetworkFamilyAmount>
                  <combinedInOutNetworkIndividualAmount cellLocation="Cost_Share_Variances_3-AP.4">
                    <cellValue>Not Applicable</cellValue>
                  </combinedInOutNetworkIndividualAmount>
                  <combinedInOutNetworkFamilyAmount cellLocation="Cost_Share_Variances_3-AQ.4">
                    <cellValue>per person not applicable | per group not applicable</cellValue>
                  </combinedInOutNetworkFamilyAmount>
                </moop>
              </moopList>
              <planDeductibleList>
                <planDeductible>
                  <deductibleType cellLocation="Cost_Share_Variances_3-BL.1">
                    <cellValue>Medical EHB Deductible</cellValue>
                  </deductibleType>
                  <inNetworkTier1Individual cellLocation="Cost_Share_Variances_3-BL.4">
                    <cellValue>$65</cellValue>
                  </inNetworkTier1Individual>
                  <inNetworkTier1Family cellLocation="Cost_Share_Variances_3-BM.4">
                    <cellValue>per person not applicable | per group not applicable</cellValue>
                  </inNetworkTier1Family>
                  <coinsuranceInNetworkTier1 cellLocation="Cost_Share_Variances_3-BN.4">
                    <cellValue></cellValue>
                  </coinsuranceInNetworkTier1>
                  <outOfNetworkIndividual cellLocation="Cost_Share_Variances_3-BR.4">
                    <cellValue>$65</cellValue>
                  </outOfNetworkIndividual>
                  <outOfNetworkFamily cellLocation="Cost_Share_Variances_3-BS.4">
                    <cellValue>per person not applicable | per group not applicable</cellValue>
                  </outOfNetworkFamily>
                  <combinedInOrOutNetworkIndividual cellLocation="Cost_Share_Variances_3-BT.4">
                    <cellValue>$65</cellValue>
                  </combinedInOrOutNetworkIndividual>
                  <combinedInOrOutNetworkFamily cellLocation="Cost_Share_Variances_3-BU.4">
                    <cellValue>per person not applicable | per group not applicable</cellValue>
                  </combinedInOrOutNetworkFamily>
                </planDeductible>
              </planDeductibleList>
              <serviceVisitList>
                <serviceVisit>
                  <visitType cellLocation="Cost_Share_Variances_3-DJ.1">
                    <cellValue>Routine Dental Services (Adult)</cellValue>
                  </visitType>
                  <copayInNetworkTier1 cellLocation="Cost_Share_Variances_3-DJ.4">
                    <cellValue>Not Applicable</cellValue>
                  </copayInNetworkTier1>
                  <copayOutOfNetwork cellLocation="Cost_Share_Variances_3-DL.4">
                    <cellValue>Not Applicable</cellValue>
                  </copayOutOfNetwork>
                  <coInsuranceInNetworkTier1 cellLocation="Cost_Share_Variances_3-DM.4">
                    <cellValue>0% Coinsurance after deductible</cellValue>
                  </coInsuranceInNetworkTier1>
                  <coInsuranceOutOfNetwork cellLocation="Cost_Share_Variances_3-DO.4">
                    <cellValue>0% Coinsurance after deductible</cellValue>
                  </coInsuranceOutOfNetwork>
                </serviceVisit>
                <serviceVisit>
                  <visitType cellLocation="Cost_Share_Variances_3-DP.1">
                    <cellValue>Dental Check-Up for Children</cellValue>
                  </visitType>
                  <copayInNetworkTier1 cellLocation="Cost_Share_Variances_3-DP.4">
                    <cellValue>Not Applicable</cellValue>
                  </copayInNetworkTier1>
                  <copayOutOfNetwork cellLocation="Cost_Share_Variances_3-DR.4">
                    <cellValue>Not Applicable</cellValue>
                  </copayOutOfNetwork>
                  <coInsuranceInNetworkTier1 cellLocation="Cost_Share_Variances_3-DS.4">
                    <cellValue>0% Coinsurance after deductible</cellValue>
                  </coInsuranceInNetworkTier1>
                  <coInsuranceOutOfNetwork cellLocation="Cost_Share_Variances_3-DU.4">
                    <cellValue>0% Coinsurance after deductible</cellValue>
                  </coInsuranceOutOfNetwork>
                </serviceVisit>
                <serviceVisit>
                  <visitType cellLocation="Cost_Share_Variances_3-DV.1">
                    <cellValue>Basic Dental Care - Child</cellValue>
                  </visitType>
                  <copayInNetworkTier1 cellLocation="Cost_Share_Variances_3-DV.4">
                    <cellValue>Not Applicable</cellValue>
                  </copayInNetworkTier1>
                  <copayOutOfNetwork cellLocation="Cost_Share_Variances_3-DX.4">
                    <cellValue>Not Applicable</cellValue>
                  </copayOutOfNetwork>
                  <coInsuranceInNetworkTier1 cellLocation="Cost_Share_Variances_3-DY.4">
                    <cellValue>50% Coinsurance after deductible</cellValue>
                  </coInsuranceInNetworkTier1>
                  <coInsuranceOutOfNetwork cellLocation="Cost_Share_Variances_3-EA.4">
                    <cellValue>50% Coinsurance after deductible</cellValue>
                  </coInsuranceOutOfNetwork>
                </serviceVisit>
                <serviceVisit>
                  <visitType cellLocation="Cost_Share_Variances_3-EB.1">
                    <cellValue>Orthodontia - Child</cellValue>
                  </visitType>
                  <copayInNetworkTier1 cellLocation="Cost_Share_Variances_3-EB.4">
                    <cellValue>Not Applicable</cellValue>
                  </copayInNetworkTier1>
                  <copayOutOfNetwork cellLocation="Cost_Share_Variances_3-ED.4">
                    <cellValue>Not Applicable</cellValue>
                  </copayOutOfNetwork>
                  <coInsuranceInNetworkTier1 cellLocation="Cost_Share_Variances_3-EE.4">
                    <cellValue>50% Coinsurance after deductible</cellValue>
                  </coInsuranceInNetworkTier1>
                  <coInsuranceOutOfNetwork cellLocation="Cost_Share_Variances_3-EG.4">
                    <cellValue>50% Coinsurance after deductible</cellValue>
                  </coInsuranceOutOfNetwork>
                </serviceVisit>
                <serviceVisit>
                  <visitType cellLocation="Cost_Share_Variances_3-EH.1">
                    <cellValue>Major Dental Care - Child</cellValue>
                  </visitType>
                  <copayInNetworkTier1 cellLocation="Cost_Share_Variances_3-EH.4">
                    <cellValue>Not Applicable</cellValue>
                  </copayInNetworkTier1>
                  <copayOutOfNetwork cellLocation="Cost_Share_Variances_3-EJ.4">
                    <cellValue>Not Applicable</cellValue>
                  </copayOutOfNetwork>
                  <coInsuranceInNetworkTier1 cellLocation="Cost_Share_Variances_3-EK.4">
                    <cellValue>50% Coinsurance after deductible</cellValue>
                  </coInsuranceInNetworkTier1>
                  <coInsuranceOutOfNetwork cellLocation="Cost_Share_Variances_3-EM.4">
                    <cellValue>50% Coinsurance after deductible</cellValue>
                  </coInsuranceOutOfNetwork>
                </serviceVisit>
                <serviceVisit>
                  <visitType cellLocation="Cost_Share_Variances_3-EN.1">
                    <cellValue>Basic Dental Care - Adult</cellValue>
                  </visitType>
                  <copayInNetworkTier1 cellLocation="Cost_Share_Variances_3-EN.4">
                    <cellValue>Not Applicable</cellValue>
                  </copayInNetworkTier1>
                  <copayOutOfNetwork cellLocation="Cost_Share_Variances_3-EP.4">
                    <cellValue>Not Applicable</cellValue>
                  </copayOutOfNetwork>
                  <coInsuranceInNetworkTier1 cellLocation="Cost_Share_Variances_3-EQ.4">
                    <cellValue>50% Coinsurance after deductible</cellValue>
                  </coInsuranceInNetworkTier1>
                  <coInsuranceOutOfNetwork cellLocation="Cost_Share_Variances_3-ES.4">
                    <cellValue>50% Coinsurance after deductible</cellValue>
                  </coInsuranceOutOfNetwork>
                </serviceVisit>
              </serviceVisitList>
            </costShareVariance>
            <costShareVariance>
              <planId cellLocation="Cost_Share_Variances_3-A.5">
                <cellValue>96156DC0020006-01</cellValue>
              </planId>
              <planMarketingName cellLocation="Cost_Share_Variances_3-B.5">
                <cellValue>Dentegra Dental PPO for Small Businesses Family Basic Plan</cellValue>
              </planMarketingName>
              <metalLevel cellLocation="Cost_Share_Variances_3-C.5">
                <cellValue>Low</cellValue>
              </metalLevel>
              <csrVariationType cellLocation="Cost_Share_Variances_3-D.5">
                <cellValue>Standard Low On Exchange Plan</cellValue>
              </csrVariationType>
              <issuerActuarialValue cellLocation="Cost_Share_Variances_3-E.5">
                <cellValue>68.00%</cellValue>
              </issuerActuarialValue>
              <avCalculatorOutputNumber cellLocation="Cost_Share_Variances_3-F.5">
                <cellValue></cellValue>
              </avCalculatorOutputNumber>
              <medicalAndDrugDeductiblesIntegrated cellLocation="Cost_Share_Variances_3-G.5">
                <cellValue></cellValue>
              </medicalAndDrugDeductiblesIntegrated>
              <medicalAndDrugMaxOutOfPocketIntegrated cellLocation="Cost_Share_Variances_3-H.5">
                <cellValue></cellValue>
              </medicalAndDrugMaxOutOfPocketIntegrated>
              <multipleProviderTiers cellLocation="Cost_Share_Variances_3-I.5">
                <cellValue>No</cellValue>
              </multipleProviderTiers>
              <firstTierUtilization cellLocation="Cost_Share_Variances_3-J.5">
                <cellValue>100%</cellValue>
              </firstTierUtilization>
              <secondTierUtilization cellLocation="Cost_Share_Variances_3-K.5">
                <cellValue></cellValue>
              </secondTierUtilization>
              <hsa>
                <hsaEligibility cellLocation="Cost_Share_Variances_3-BV.5">
                  <cellValue></cellValue>
                </hsaEligibility>
                <employerHSAHRAContributionIndicator cellLocation="Cost_Share_Variances_3-BW.5">
                  <cellValue></cellValue>
                </employerHSAHRAContributionIndicator>
                <empContributionAmountForHSAOrHRA cellLocation="Cost_Share_Variances_3-BX.5">
                  <cellValue></cellValue>
                </empContributionAmountForHSAOrHRA>
              </hsa>
              <url>
                <summaryBenefitAndCoverageURL cellLocation="Cost_Share_Variances_3-BY.5">
                  <cellValue></cellValue>
                </summaryBenefitAndCoverageURL>
                <planBrochure cellLocation="Cost_Share_Variances_3-BZ.5">
                  <cellValue>dentegra.com/hcx/dc/96156dc0020006-16</cellValue>
                </planBrochure>
              </url>
              <moopList>
                <moop>
                  <name cellLocation="Cost_Share_Variances_3-AJ.1">
                    <cellValue>Maximum Out of Pocket for Medical EHB Benefits</cellValue>
                  </name>
                  <inNetworkTier1IndividualAmount cellLocation="Cost_Share_Variances_3-AJ.5">
                    <cellValue>$350</cellValue>
                  </inNetworkTier1IndividualAmount>
                  <inNetworkTier1FamilyAmount cellLocation="Cost_Share_Variances_3-AK.5">
                    <cellValue>$350 per person | $700 per group</cellValue>
                  </inNetworkTier1FamilyAmount>
                  <outOfNetworkIndividualAmount cellLocation="Cost_Share_Variances_3-AN.5">
                    <cellValue>Not Applicable</cellValue>
                  </outOfNetworkIndividualAmount>
                  <outOfNetworkFamilyAmount cellLocation="Cost_Share_Variances_3-AO.5">
                    <cellValue>per person not applicable | per group not applicable</cellValue>
                  </outOfNetworkFamilyAmount>
                  <combinedInOutNetworkIndividualAmount cellLocation="Cost_Share_Variances_3-AP.5">
                    <cellValue>Not Applicable</cellValue>
                  </combinedInOutNetworkIndividualAmount>
                  <combinedInOutNetworkFamilyAmount cellLocation="Cost_Share_Variances_3-AQ.5">
                    <cellValue>per person not applicable | per group not applicable</cellValue>
                  </combinedInOutNetworkFamilyAmount>
                </moop>
              </moopList>
              <planDeductibleList>
                <planDeductible>
                  <deductibleType cellLocation="Cost_Share_Variances_3-BL.1">
                    <cellValue>Medical EHB Deductible</cellValue>
                  </deductibleType>
                  <inNetworkTier1Individual cellLocation="Cost_Share_Variances_3-BL.5">
                    <cellValue>$65</cellValue>
                  </inNetworkTier1Individual>
                  <inNetworkTier1Family cellLocation="Cost_Share_Variances_3-BM.5">
                    <cellValue>per person not applicable | per group not applicable</cellValue>
                  </inNetworkTier1Family>
                  <coinsuranceInNetworkTier1 cellLocation="Cost_Share_Variances_3-BN.5">
                    <cellValue></cellValue>
                  </coinsuranceInNetworkTier1>
                  <outOfNetworkIndividual cellLocation="Cost_Share_Variances_3-BR.5">
                    <cellValue>$65</cellValue>
                  </outOfNetworkIndividual>
                  <outOfNetworkFamily cellLocation="Cost_Share_Variances_3-BS.5">
                    <cellValue>per person not applicable | per group not applicable</cellValue>
                  </outOfNetworkFamily>
                  <combinedInOrOutNetworkIndividual cellLocation="Cost_Share_Variances_3-BT.5">
                    <cellValue>$65</cellValue>
                  </combinedInOrOutNetworkIndividual>
                  <combinedInOrOutNetworkFamily cellLocation="Cost_Share_Variances_3-BU.5">
                    <cellValue>per person not applicable | per group not applicable</cellValue>
                  </combinedInOrOutNetworkFamily>
                </planDeductible>
              </planDeductibleList>
              <serviceVisitList>
                <serviceVisit>
                  <visitType cellLocation="Cost_Share_Variances_3-DJ.1">
                    <cellValue>Routine Dental Services (Adult)</cellValue>
                  </visitType>
                  <copayInNetworkTier1 cellLocation="Cost_Share_Variances_3-DJ.5">
                    <cellValue>Not Applicable</cellValue>
                  </copayInNetworkTier1>
                  <copayOutOfNetwork cellLocation="Cost_Share_Variances_3-DL.5">
                    <cellValue>Not Applicable</cellValue>
                  </copayOutOfNetwork>
                  <coInsuranceInNetworkTier1 cellLocation="Cost_Share_Variances_3-DM.5">
                    <cellValue>0% Coinsurance after deductible</cellValue>
                  </coInsuranceInNetworkTier1>
                  <coInsuranceOutOfNetwork cellLocation="Cost_Share_Variances_3-DO.5">
                    <cellValue>0% Coinsurance after deductible</cellValue>
                  </coInsuranceOutOfNetwork>
                </serviceVisit>
                <serviceVisit>
                  <visitType cellLocation="Cost_Share_Variances_3-DP.1">
                    <cellValue>Dental Check-Up for Children</cellValue>
                  </visitType>
                  <copayInNetworkTier1 cellLocation="Cost_Share_Variances_3-DP.5">
                    <cellValue>Not Applicable</cellValue>
                  </copayInNetworkTier1>
                  <copayOutOfNetwork cellLocation="Cost_Share_Variances_3-DR.5">
                    <cellValue>Not Applicable</cellValue>
                  </copayOutOfNetwork>
                  <coInsuranceInNetworkTier1 cellLocation="Cost_Share_Variances_3-DS.5">
                    <cellValue>0% Coinsurance after deductible</cellValue>
                  </coInsuranceInNetworkTier1>
                  <coInsuranceOutOfNetwork cellLocation="Cost_Share_Variances_3-DU.5">
                    <cellValue>0% Coinsurance after deductible</cellValue>
                  </coInsuranceOutOfNetwork>
                </serviceVisit>
                <serviceVisit>
                  <visitType cellLocation="Cost_Share_Variances_3-DV.1">
                    <cellValue>Basic Dental Care - Child</cellValue>
                  </visitType>
                  <copayInNetworkTier1 cellLocation="Cost_Share_Variances_3-DV.5">
                    <cellValue>Not Applicable</cellValue>
                  </copayInNetworkTier1>
                  <copayOutOfNetwork cellLocation="Cost_Share_Variances_3-DX.5">
                    <cellValue>Not Applicable</cellValue>
                  </copayOutOfNetwork>
                  <coInsuranceInNetworkTier1 cellLocation="Cost_Share_Variances_3-DY.5">
                    <cellValue>50% Coinsurance after deductible</cellValue>
                  </coInsuranceInNetworkTier1>
                  <coInsuranceOutOfNetwork cellLocation="Cost_Share_Variances_3-EA.5">
                    <cellValue>50% Coinsurance after deductible</cellValue>
                  </coInsuranceOutOfNetwork>
                </serviceVisit>
                <serviceVisit>
                  <visitType cellLocation="Cost_Share_Variances_3-EB.1">
                    <cellValue>Orthodontia - Child</cellValue>
                  </visitType>
                  <copayInNetworkTier1 cellLocation="Cost_Share_Variances_3-EB.5">
                    <cellValue>Not Applicable</cellValue>
                  </copayInNetworkTier1>
                  <copayOutOfNetwork cellLocation="Cost_Share_Variances_3-ED.5">
                    <cellValue>Not Applicable</cellValue>
                  </copayOutOfNetwork>
                  <coInsuranceInNetworkTier1 cellLocation="Cost_Share_Variances_3-EE.5">
                    <cellValue>50% Coinsurance after deductible</cellValue>
                  </coInsuranceInNetworkTier1>
                  <coInsuranceOutOfNetwork cellLocation="Cost_Share_Variances_3-EG.5">
                    <cellValue>50% Coinsurance after deductible</cellValue>
                  </coInsuranceOutOfNetwork>
                </serviceVisit>
                <serviceVisit>
                  <visitType cellLocation="Cost_Share_Variances_3-EH.1">
                    <cellValue>Major Dental Care - Child</cellValue>
                  </visitType>
                  <copayInNetworkTier1 cellLocation="Cost_Share_Variances_3-EH.5">
                    <cellValue>Not Applicable</cellValue>
                  </copayInNetworkTier1>
                  <copayOutOfNetwork cellLocation="Cost_Share_Variances_3-EJ.5">
                    <cellValue>Not Applicable</cellValue>
                  </copayOutOfNetwork>
                  <coInsuranceInNetworkTier1 cellLocation="Cost_Share_Variances_3-EK.5">
                    <cellValue>50% Coinsurance after deductible</cellValue>
                  </coInsuranceInNetworkTier1>
                  <coInsuranceOutOfNetwork cellLocation="Cost_Share_Variances_3-EM.5">
                    <cellValue>50% Coinsurance after deductible</cellValue>
                  </coInsuranceOutOfNetwork>
                </serviceVisit>
                <serviceVisit>
                  <visitType cellLocation="Cost_Share_Variances_3-EN.1">
                    <cellValue>Basic Dental Care - Adult</cellValue>
                  </visitType>
                  <copayInNetworkTier1 cellLocation="Cost_Share_Variances_3-EN.5">
                    <cellValue>Not Applicable</cellValue>
                  </copayInNetworkTier1>
                  <copayOutOfNetwork cellLocation="Cost_Share_Variances_3-EP.5">
                    <cellValue>Not Applicable</cellValue>
                  </copayOutOfNetwork>
                  <coInsuranceInNetworkTier1 cellLocation="Cost_Share_Variances_3-EQ.5">
                    <cellValue>50% Coinsurance after deductible</cellValue>
                  </coInsuranceInNetworkTier1>
                  <coInsuranceOutOfNetwork cellLocation="Cost_Share_Variances_3-ES.5">
                    <cellValue>50% Coinsurance after deductible</cellValue>
                  </coInsuranceOutOfNetwork>
                </serviceVisit>
              </serviceVisitList>
            </costShareVariance>
          </costShareVariancesList>
        </plans>
      </plansList>
    </packages>
  </packagesList>
</planBenefitTemplateVO>
