<?xml version="1.0"?>
<plan_crosswalk_2018>
  <version>
    <name>Plan Service Area Crosswalk Template</name>
    <number>2.3.3</number>
  </version>
  <issuer_information>
    <hios_issuer_id>77422</hios_issuer_id>
    <issuer_state>DC</issuer_state>
    <market_coverage>SHOP (Small Group)</market_coverage>
    <multistate_plan>No</multistate_plan>
    <dental_only_plan>No</dental_only_plan>
  </issuer_information>
  <crosswalks>
    <crosswalk>
      <plan_id_2017_hios>77422DC0070001</plan_id_2017_hios>
      <crosswalk_level>Crosswalking at the plan ID level</crosswalk_level>
      <reason_for_crosswalk>Discontinuing product; enrollment into a different product</reason_for_crosswalk>
      <plan_id_2018_hios>77422DC0090005</plan_id_2018_hios>
      <is_this_plan_catastrophic_or_child_only_plan>No</is_this_plan_catastrophic_or_child_only_plan>
    </crosswalk>
    <crosswalk>
      <plan_id_2017_hios>77422DC0070009</plan_id_2017_hios>
      <crosswalk_level>Crosswalking at the plan ID level</crosswalk_level>
      <reason_for_crosswalk>Discontinuing product; enrollment into a different product</reason_for_crosswalk>
      <plan_id_2018_hios>77422DC0090009</plan_id_2018_hios>
      <is_this_plan_catastrophic_or_child_only_plan>No</is_this_plan_catastrophic_or_child_only_plan>
    </crosswalk>
    <crosswalk>
      <plan_id_2017_hios>77422DC0070013</plan_id_2017_hios>
      <crosswalk_level>Crosswalking at the plan ID level</crosswalk_level>
      <reason_for_crosswalk>Discontinuing product; enrollment into a different product</reason_for_crosswalk>
      <plan_id_2018_hios>77422DC0090008</plan_id_2018_hios>
      <is_this_plan_catastrophic_or_child_only_plan>No</is_this_plan_catastrophic_or_child_only_plan>
    </crosswalk>
    <crosswalk>
      <plan_id_2017_hios>77422DC0070025</plan_id_2017_hios>
      <crosswalk_level>Crosswalking at the plan ID level</crosswalk_level>
      <reason_for_crosswalk>Discontinuing product; enrollment into a different product</reason_for_crosswalk>
      <plan_id_2018_hios>77422DC0090007</plan_id_2018_hios>
      <is_this_plan_catastrophic_or_child_only_plan>No</is_this_plan_catastrophic_or_child_only_plan>
    </crosswalk>
    <crosswalk>
      <plan_id_2017_hios>77422DC0070026</plan_id_2017_hios>
      <crosswalk_level>Crosswalking at the plan ID level</crosswalk_level>
      <reason_for_crosswalk>Discontinuing product; enrollment into a different product</reason_for_crosswalk>
      <plan_id_2018_hios>77422DC0090003</plan_id_2018_hios>
      <is_this_plan_catastrophic_or_child_only_plan>No</is_this_plan_catastrophic_or_child_only_plan>
    </crosswalk>
    <crosswalk>
      <plan_id_2017_hios>77422DC0070035</plan_id_2017_hios>
      <crosswalk_level>Crosswalking at the plan ID level</crosswalk_level>
      <reason_for_crosswalk>Discontinuing product; enrollment into a different product</reason_for_crosswalk>
      <plan_id_2018_hios>77422DC0090007</plan_id_2018_hios>
      <is_this_plan_catastrophic_or_child_only_plan>No</is_this_plan_catastrophic_or_child_only_plan>
    </crosswalk>
    <crosswalk>
      <plan_id_2017_hios>77422DC0070037</plan_id_2017_hios>
      <crosswalk_level>Crosswalking at the plan ID level</crosswalk_level>
      <reason_for_crosswalk>Discontinuing product; enrollment into a different product</reason_for_crosswalk>
      <plan_id_2018_hios>77422DC0090003</plan_id_2018_hios>
      <is_this_plan_catastrophic_or_child_only_plan>No</is_this_plan_catastrophic_or_child_only_plan>
    </crosswalk>
    <crosswalk>
      <plan_id_2017_hios>77422DC0070039</plan_id_2017_hios>
      <crosswalk_level>Crosswalking at the plan ID level</crosswalk_level>
      <reason_for_crosswalk>Discontinuing product; enrollment into a different product</reason_for_crosswalk>
      <plan_id_2018_hios>77422DC0090003</plan_id_2018_hios>
      <is_this_plan_catastrophic_or_child_only_plan>No</is_this_plan_catastrophic_or_child_only_plan>
    </crosswalk>
    <crosswalk>
      <plan_id_2017_hios>77422DC0090001</plan_id_2017_hios>
      <crosswalk_level>Crosswalking at the plan ID level</crosswalk_level>
      <reason_for_crosswalk>Renewing product; renewal in a different plan within the product</reason_for_crosswalk>
      <plan_id_2018_hios>77422DC0090007</plan_id_2018_hios>
      <is_this_plan_catastrophic_or_child_only_plan>No</is_this_plan_catastrophic_or_child_only_plan>
    </crosswalk>
    <crosswalk>
      <plan_id_2017_hios>77422DC0090003</plan_id_2017_hios>
      <crosswalk_level>Crosswalking to same Plan ID</crosswalk_level>
      <reason_for_crosswalk>Renewing exact same product/plan combination (Same 2017 Plan ID)</reason_for_crosswalk>
      <plan_id_2018_hios>77422DC0090003</plan_id_2018_hios>
      <is_this_plan_catastrophic_or_child_only_plan>No</is_this_plan_catastrophic_or_child_only_plan>
    </crosswalk>
  </crosswalks>
</plan_crosswalk_2018>