<?xml version="1.0"?>
<plan_crosswalk_2018>
  <version>
    <name>Plan Service Area Crosswalk Template</name>
    <number>2.3.3</number>
  </version>
  <issuer_information>
    <hios_issuer_id>81334</hios_issuer_id>
    <issuer_state>DC</issuer_state>
    <market_coverage>Individual</market_coverage>
    <multistate_plan>No</multistate_plan>
    <dental_only_plan>Yes</dental_only_plan>
  </issuer_information>
  <crosswalks>
    <crosswalk>
      <plan_id_2017_hios>81334DC0010006</plan_id_2017_hios>
      <crosswalk_level>Crosswalking to same Plan ID</crosswalk_level>
      <reason_for_crosswalk>Renewing exact same product/plan combination (Same 2017 Plan ID)</reason_for_crosswalk>
      <plan_id_2018_hios>81334DC0010006</plan_id_2018_hios>
      <is_this_plan_catastrophic_or_child_only_plan>No</is_this_plan_catastrophic_or_child_only_plan>
      <Does_re-enrollment_in_the_2018_QHP_represent_an_enrollment_into_a_new_policy_or_contract_under_state_law_for_enrollees_in_the_2017_QHP>No</Does_re-enrollment_in_the_2018_QHP_represent_an_enrollment_into_a_new_policy_or_contract_under_state_law_for_enrollees_in_the_2017_QHP>
    </crosswalk>
    <crosswalk>
      <plan_id_2017_hios>81334DC0010004</plan_id_2017_hios>
      <crosswalk_level>Crosswalking to same Plan ID</crosswalk_level>
      <reason_for_crosswalk>Renewing exact same product/plan combination (Same 2017 Plan ID)</reason_for_crosswalk>
      <plan_id_2018_hios>81334DC0010004</plan_id_2018_hios>
      <is_this_plan_catastrophic_or_child_only_plan>No</is_this_plan_catastrophic_or_child_only_plan>
      <Does_re-enrollment_in_the_2018_QHP_represent_an_enrollment_into_a_new_policy_or_contract_under_state_law_for_enrollees_in_the_2017_QHP>No</Does_re-enrollment_in_the_2018_QHP_represent_an_enrollment_into_a_new_policy_or_contract_under_state_law_for_enrollees_in_the_2017_QHP>
    </crosswalk>
    <crosswalk>
      <plan_id_2017_hios>81334DC0030006</plan_id_2017_hios>
      <crosswalk_level>Crosswalking to same Plan ID</crosswalk_level>
      <reason_for_crosswalk>Renewing exact same product/plan combination (Same 2017 Plan ID)</reason_for_crosswalk>
      <plan_id_2018_hios>81334DC0030006</plan_id_2018_hios>
      <is_this_plan_catastrophic_or_child_only_plan>No</is_this_plan_catastrophic_or_child_only_plan>
      <Does_re-enrollment_in_the_2018_QHP_represent_an_enrollment_into_a_new_policy_or_contract_under_state_law_for_enrollees_in_the_2017_QHP>No</Does_re-enrollment_in_the_2018_QHP_represent_an_enrollment_into_a_new_policy_or_contract_under_state_law_for_enrollees_in_the_2017_QHP>
    </crosswalk>
    <crosswalk>
      <plan_id_2017_hios>81334DC0030004</plan_id_2017_hios>
      <crosswalk_level>Crosswalking to same Plan ID</crosswalk_level>
      <reason_for_crosswalk>Renewing exact same product/plan combination (Same 2017 Plan ID)</reason_for_crosswalk>
      <plan_id_2018_hios>81334DC0030004</plan_id_2018_hios>
      <is_this_plan_catastrophic_or_child_only_plan>No</is_this_plan_catastrophic_or_child_only_plan>
      <Does_re-enrollment_in_the_2018_QHP_represent_an_enrollment_into_a_new_policy_or_contract_under_state_law_for_enrollees_in_the_2017_QHP>No</Does_re-enrollment_in_the_2018_QHP_represent_an_enrollment_into_a_new_policy_or_contract_under_state_law_for_enrollees_in_the_2017_QHP>
    </crosswalk>
  </crosswalks>
</plan_crosswalk_2018>