<?xml version="1.0"?>
<plan_crosswalk_2018>
  <version>
    <name>Plan Service Area Crosswalk Template</name>
    <number>2.3.3</number>
  </version>
  <issuer_information>
    <hios_issuer_id>92479</hios_issuer_id>
    <issuer_state>DC</issuer_state>
    <market_coverage>Individual</market_coverage>
    <multistate_plan>No</multistate_plan>
    <dental_only_plan>Yes</dental_only_plan>
  </issuer_information>
  <crosswalks>
    <crosswalk>
      <plan_id_2017_hios>92479DC0020005</plan_id_2017_hios>
      <crosswalk_level>Crosswalking to same Plan ID</crosswalk_level>
      <reason_for_crosswalk>Renewing exact same product/plan combination (Same 2017 Plan ID)</reason_for_crosswalk>
      <plan_id_2018_hios>92479DC0020005</plan_id_2018_hios>
      <is_this_plan_catastrophic_or_child_only_plan>Yes</is_this_plan_catastrophic_or_child_only_plan>
      <plan_id_2018_for_enrollees_aging_off_catastrophic_or_child_only_plan>92479DC0020004</plan_id_2018_for_enrollees_aging_off_catastrophic_or_child_only_plan>
      <Are_you_prohibited_from_selling_or_issuing_the_2018_QHP_to_someone_enrolled_in_Medicare_as_set_forth_in_Section_1882d_of_the_Social_Security_Act>No</Are_you_prohibited_from_selling_or_issuing_the_2018_QHP_to_someone_enrolled_in_Medicare_as_set_forth_in_Section_1882d_of_the_Social_Security_Act>
      <Does_re-enrollment_in_the_2018_QHP_represent_an_enrollment_into_a_new_policy_or_contract_under_state_law_for_enrollees_in_the_2017_QHP>Yes</Does_re-enrollment_in_the_2018_QHP_represent_an_enrollment_into_a_new_policy_or_contract_under_state_law_for_enrollees_in_the_2017_QHP>
    </crosswalk>
    <crosswalk>
      <plan_id_2017_hios>92479DC0020003</plan_id_2017_hios>
      <crosswalk_level>Crosswalking to same Plan ID</crosswalk_level>
      <reason_for_crosswalk>Renewing exact same product/plan combination (Same 2017 Plan ID)</reason_for_crosswalk>
      <plan_id_2018_hios>92479DC0020003</plan_id_2018_hios>
      <is_this_plan_catastrophic_or_child_only_plan>Yes</is_this_plan_catastrophic_or_child_only_plan>
      <plan_id_2018_for_enrollees_aging_off_catastrophic_or_child_only_plan>92479DC0020006</plan_id_2018_for_enrollees_aging_off_catastrophic_or_child_only_plan>
      <Are_you_prohibited_from_selling_or_issuing_the_2018_QHP_to_someone_enrolled_in_Medicare_as_set_forth_in_Section_1882d_of_the_Social_Security_Act>No</Are_you_prohibited_from_selling_or_issuing_the_2018_QHP_to_someone_enrolled_in_Medicare_as_set_forth_in_Section_1882d_of_the_Social_Security_Act>
      <Does_re-enrollment_in_the_2018_QHP_represent_an_enrollment_into_a_new_policy_or_contract_under_state_law_for_enrollees_in_the_2017_QHP>Yes</Does_re-enrollment_in_the_2018_QHP_represent_an_enrollment_into_a_new_policy_or_contract_under_state_law_for_enrollees_in_the_2017_QHP>
    </crosswalk>
    <crosswalk>
      <plan_id_2017_hios>92479DC0010003</plan_id_2017_hios>
      <crosswalk_level>Crosswalking to same Plan ID</crosswalk_level>
      <reason_for_crosswalk>Renewing exact same product/plan combination (Same 2017 Plan ID)</reason_for_crosswalk>
      <plan_id_2018_hios>92479DC0010003</plan_id_2018_hios>
      <is_this_plan_catastrophic_or_child_only_plan>Yes</is_this_plan_catastrophic_or_child_only_plan>
      <plan_id_2018_for_enrollees_aging_off_catastrophic_or_child_only_plan>92479DC0010004</plan_id_2018_for_enrollees_aging_off_catastrophic_or_child_only_plan>
      <Are_you_prohibited_from_selling_or_issuing_the_2018_QHP_to_someone_enrolled_in_Medicare_as_set_forth_in_Section_1882d_of_the_Social_Security_Act>No</Are_you_prohibited_from_selling_or_issuing_the_2018_QHP_to_someone_enrolled_in_Medicare_as_set_forth_in_Section_1882d_of_the_Social_Security_Act>
      <Does_re-enrollment_in_the_2018_QHP_represent_an_enrollment_into_a_new_policy_or_contract_under_state_law_for_enrollees_in_the_2017_QHP>Yes</Does_re-enrollment_in_the_2018_QHP_represent_an_enrollment_into_a_new_policy_or_contract_under_state_law_for_enrollees_in_the_2017_QHP>
    </crosswalk>
    <crosswalk>
      <plan_id_2017_hios>92479DC0010005</plan_id_2017_hios>
      <crosswalk_level>Crosswalking to same Plan ID</crosswalk_level>
      <reason_for_crosswalk>Renewing exact same product/plan combination (Same 2017 Plan ID)</reason_for_crosswalk>
      <plan_id_2018_hios>92479DC0010005</plan_id_2018_hios>
      <is_this_plan_catastrophic_or_child_only_plan>Yes</is_this_plan_catastrophic_or_child_only_plan>
      <plan_id_2018_for_enrollees_aging_off_catastrophic_or_child_only_plan>92479DC0010006</plan_id_2018_for_enrollees_aging_off_catastrophic_or_child_only_plan>
      <Are_you_prohibited_from_selling_or_issuing_the_2018_QHP_to_someone_enrolled_in_Medicare_as_set_forth_in_Section_1882d_of_the_Social_Security_Act>No</Are_you_prohibited_from_selling_or_issuing_the_2018_QHP_to_someone_enrolled_in_Medicare_as_set_forth_in_Section_1882d_of_the_Social_Security_Act>
      <Does_re-enrollment_in_the_2018_QHP_represent_an_enrollment_into_a_new_policy_or_contract_under_state_law_for_enrollees_in_the_2017_QHP>Yes</Does_re-enrollment_in_the_2018_QHP_represent_an_enrollment_into_a_new_policy_or_contract_under_state_law_for_enrollees_in_the_2017_QHP>
    </crosswalk>
    <crosswalk>
      <plan_id_2017_hios>92479DC0020004</plan_id_2017_hios>
      <crosswalk_level>Crosswalking to same Plan ID</crosswalk_level>
      <reason_for_crosswalk>Renewing exact same product/plan combination (Same 2017 Plan ID)</reason_for_crosswalk>
      <plan_id_2018_hios>92479DC0020004</plan_id_2018_hios>
      <is_this_plan_catastrophic_or_child_only_plan>No</is_this_plan_catastrophic_or_child_only_plan>
      <Are_you_prohibited_from_selling_or_issuing_the_2018_QHP_to_someone_enrolled_in_Medicare_as_set_forth_in_Section_1882d_of_the_Social_Security_Act>No</Are_you_prohibited_from_selling_or_issuing_the_2018_QHP_to_someone_enrolled_in_Medicare_as_set_forth_in_Section_1882d_of_the_Social_Security_Act>
      <Does_re-enrollment_in_the_2018_QHP_represent_an_enrollment_into_a_new_policy_or_contract_under_state_law_for_enrollees_in_the_2017_QHP>Yes</Does_re-enrollment_in_the_2018_QHP_represent_an_enrollment_into_a_new_policy_or_contract_under_state_law_for_enrollees_in_the_2017_QHP>
    </crosswalk>
    <crosswalk>
      <plan_id_2017_hios>92479DC0020006</plan_id_2017_hios>
      <crosswalk_level>Crosswalking to same Plan ID</crosswalk_level>
      <reason_for_crosswalk>Renewing exact same product/plan combination (Same 2017 Plan ID)</reason_for_crosswalk>
      <plan_id_2018_hios>92479DC0020006</plan_id_2018_hios>
      <is_this_plan_catastrophic_or_child_only_plan>No</is_this_plan_catastrophic_or_child_only_plan>
      <Are_you_prohibited_from_selling_or_issuing_the_2018_QHP_to_someone_enrolled_in_Medicare_as_set_forth_in_Section_1882d_of_the_Social_Security_Act>No</Are_you_prohibited_from_selling_or_issuing_the_2018_QHP_to_someone_enrolled_in_Medicare_as_set_forth_in_Section_1882d_of_the_Social_Security_Act>
      <Does_re-enrollment_in_the_2018_QHP_represent_an_enrollment_into_a_new_policy_or_contract_under_state_law_for_enrollees_in_the_2017_QHP>Yes</Does_re-enrollment_in_the_2018_QHP_represent_an_enrollment_into_a_new_policy_or_contract_under_state_law_for_enrollees_in_the_2017_QHP>
    </crosswalk>
    <crosswalk>
      <plan_id_2017_hios>92479DC0010004</plan_id_2017_hios>
      <crosswalk_level>Crosswalking to same Plan ID</crosswalk_level>
      <reason_for_crosswalk>Renewing exact same product/plan combination (Same 2017 Plan ID)</reason_for_crosswalk>
      <plan_id_2018_hios>92479DC0010004</plan_id_2018_hios>
      <is_this_plan_catastrophic_or_child_only_plan>No</is_this_plan_catastrophic_or_child_only_plan>
      <Are_you_prohibited_from_selling_or_issuing_the_2018_QHP_to_someone_enrolled_in_Medicare_as_set_forth_in_Section_1882d_of_the_Social_Security_Act>No</Are_you_prohibited_from_selling_or_issuing_the_2018_QHP_to_someone_enrolled_in_Medicare_as_set_forth_in_Section_1882d_of_the_Social_Security_Act>
      <Does_re-enrollment_in_the_2018_QHP_represent_an_enrollment_into_a_new_policy_or_contract_under_state_law_for_enrollees_in_the_2017_QHP>Yes</Does_re-enrollment_in_the_2018_QHP_represent_an_enrollment_into_a_new_policy_or_contract_under_state_law_for_enrollees_in_the_2017_QHP>
    </crosswalk>
    <crosswalk>
      <plan_id_2017_hios>92479DC0010006</plan_id_2017_hios>
      <crosswalk_level>Crosswalking to same Plan ID</crosswalk_level>
      <reason_for_crosswalk>Renewing exact same product/plan combination (Same 2017 Plan ID)</reason_for_crosswalk>
      <plan_id_2018_hios>92479DC0010006</plan_id_2018_hios>
      <is_this_plan_catastrophic_or_child_only_plan>No</is_this_plan_catastrophic_or_child_only_plan>
      <Are_you_prohibited_from_selling_or_issuing_the_2018_QHP_to_someone_enrolled_in_Medicare_as_set_forth_in_Section_1882d_of_the_Social_Security_Act>No</Are_you_prohibited_from_selling_or_issuing_the_2018_QHP_to_someone_enrolled_in_Medicare_as_set_forth_in_Section_1882d_of_the_Social_Security_Act>
      <Does_re-enrollment_in_the_2018_QHP_represent_an_enrollment_into_a_new_policy_or_contract_under_state_law_for_enrollees_in_the_2017_QHP>Yes</Does_re-enrollment_in_the_2018_QHP_represent_an_enrollment_into_a_new_policy_or_contract_under_state_law_for_enrollees_in_the_2017_QHP>
    </crosswalk>
  </crosswalks>
</plan_crosswalk_2018>