<?xml version="1.0"?>
<qhpApplicationRateGroupVO xmlns="http://vo.ffe.cms.hhs.gov">
  <header>
    <templateVersion>v5.05</templateVersion>
    <issuerId cellLocation="Rate_Table-B.6">
      <cellValue>78079</cellValue>
    </issuerId>
    <tin cellLocation="Rate_Table-B.7">
      <cellValue>53-0078070</cellValue>
    </tin>
  </header>
  <items>
    <effectiveDate cellLocation="Rate_Table-B.8">
      <cellValue>2016-01-01</cellValue>
    </effectiveDate>
    <expirationDate cellLocation="Rate_Table-B.9">
      <cellValue>2016-12-31</cellValue>
    </expirationDate>
    <planId cellLocation="Rate_Table-A.14">
      <cellValue>78079DC0160002</cellValue>
    </planId>
    <rateAreaId cellLocation="Rate_Table-B.14">
      <cellValue>Rating Area 1</cellValue>
    </rateAreaId>
    <tobacco cellLocation="Rate_Table-C.14">
      <cellValue>No Preference</cellValue>
    </tobacco>
    <ageNumber cellLocation="Rate_Table-D.14">
      <cellValue>0-20</cellValue>
    </ageNumber>
    <primaryEnrollee cellLocation="Rate_Table-E.14">
      <cellValue>180.03</cellValue>
    </primaryEnrollee>
  </items>
  <items>
    <effectiveDate cellLocation="Rate_Table-B.8">
      <cellValue>2016-01-01</cellValue>
    </effectiveDate>
    <expirationDate cellLocation="Rate_Table-B.9">
      <cellValue>2016-12-31</cellValue>
    </expirationDate>
    <planId cellLocation="Rate_Table-A.15">
      <cellValue>78079DC0160002</cellValue>
    </planId>
    <rateAreaId cellLocation="Rate_Table-B.15">
      <cellValue>Rating Area 1</cellValue>
    </rateAreaId>
    <tobacco cellLocation="Rate_Table-C.15">
      <cellValue>No Preference</cellValue>
    </tobacco>
    <ageNumber cellLocation="Rate_Table-D.15">
      <cellValue>21</cellValue>
    </ageNumber>
    <primaryEnrollee cellLocation="Rate_Table-E.15">
      <cellValue>200.12</cellValue>
    </primaryEnrollee>
  </items>
  <items>
    <effectiveDate cellLocation="Rate_Table-B.8">
      <cellValue>2016-01-01</cellValue>
    </effectiveDate>
    <expirationDate cellLocation="Rate_Table-B.9">
      <cellValue>2016-12-31</cellValue>
    </expirationDate>
    <planId cellLocation="Rate_Table-A.16">
      <cellValue>78079DC0160002</cellValue>
    </planId>
    <rateAreaId cellLocation="Rate_Table-B.16">
      <cellValue>Rating Area 1</cellValue>
    </rateAreaId>
    <tobacco cellLocation="Rate_Table-C.16">
      <cellValue>No Preference</cellValue>
    </tobacco>
    <ageNumber cellLocation="Rate_Table-D.16">
      <cellValue>22</cellValue>
    </ageNumber>
    <primaryEnrollee cellLocation="Rate_Table-E.16">
      <cellValue>200.12</cellValue>
    </primaryEnrollee>
  </items>
  <items>
    <effectiveDate cellLocation="Rate_Table-B.8">
      <cellValue>2016-01-01</cellValue>
    </effectiveDate>
    <expirationDate cellLocation="Rate_Table-B.9">
      <cellValue>2016-12-31</cellValue>
    </expirationDate>
    <planId cellLocation="Rate_Table-A.17">
      <cellValue>78079DC0160002</cellValue>
    </planId>
    <rateAreaId cellLocation="Rate_Table-B.17">
      <cellValue>Rating Area 1</cellValue>
    </rateAreaId>
    <tobacco cellLocation="Rate_Table-C.17">
      <cellValue>No Preference</cellValue>
    </tobacco>
    <ageNumber cellLocation="Rate_Table-D.17">
      <cellValue>23</cellValue>
    </ageNumber>
    <primaryEnrollee cellLocation="Rate_Table-E.17">
      <cellValue>200.12</cellValue>
    </primaryEnrollee>
  </items>
  <items>
    <effectiveDate cellLocation="Rate_Table-B.8">
      <cellValue>2016-01-01</cellValue>
    </effectiveDate>
    <expirationDate cellLocation="Rate_Table-B.9">
      <cellValue>2016-12-31</cellValue>
    </expirationDate>
    <planId cellLocation="Rate_Table-A.18">
      <cellValue>78079DC0160002</cellValue>
    </planId>
    <rateAreaId cellLocation="Rate_Table-B.18">
      <cellValue>Rating Area 1</cellValue>
    </rateAreaId>
    <tobacco cellLocation="Rate_Table-C.18">
      <cellValue>No Preference</cellValue>
    </tobacco>
    <ageNumber cellLocation="Rate_Table-D.18">
      <cellValue>24</cellValue>
    </ageNumber>
    <primaryEnrollee cellLocation="Rate_Table-E.18">
      <cellValue>200.12</cellValue>
    </primaryEnrollee>
  </items>
  <items>
    <effectiveDate cellLocation="Rate_Table-B.8">
      <cellValue>2016-01-01</cellValue>
    </effectiveDate>
    <expirationDate cellLocation="Rate_Table-B.9">
      <cellValue>2016-12-31</cellValue>
    </expirationDate>
    <planId cellLocation="Rate_Table-A.19">
      <cellValue>78079DC0160002</cellValue>
    </planId>
    <rateAreaId cellLocation="Rate_Table-B.19">
      <cellValue>Rating Area 1</cellValue>
    </rateAreaId>
    <tobacco cellLocation="Rate_Table-C.19">
      <cellValue>No Preference</cellValue>
    </tobacco>
    <ageNumber cellLocation="Rate_Table-D.19">
      <cellValue>25</cellValue>
    </ageNumber>
    <primaryEnrollee cellLocation="Rate_Table-E.19">
      <cellValue>200.12</cellValue>
    </primaryEnrollee>
  </items>
  <items>
    <effectiveDate cellLocation="Rate_Table-B.8">
      <cellValue>2016-01-01</cellValue>
    </effectiveDate>
    <expirationDate cellLocation="Rate_Table-B.9">
      <cellValue>2016-12-31</cellValue>
    </expirationDate>
    <planId cellLocation="Rate_Table-A.20">
      <cellValue>78079DC0160002</cellValue>
    </planId>
    <rateAreaId cellLocation="Rate_Table-B.20">
      <cellValue>Rating Area 1</cellValue>
    </rateAreaId>
    <tobacco cellLocation="Rate_Table-C.20">
      <cellValue>No Preference</cellValue>
    </tobacco>
    <ageNumber cellLocation="Rate_Table-D.20">
      <cellValue>26</cellValue>
    </ageNumber>
    <primaryEnrollee cellLocation="Rate_Table-E.20">
      <cellValue>200.12</cellValue>
    </primaryEnrollee>
  </items>
  <items>
    <effectiveDate cellLocation="Rate_Table-B.8">
      <cellValue>2016-01-01</cellValue>
    </effectiveDate>
    <expirationDate cellLocation="Rate_Table-B.9">
      <cellValue>2016-12-31</cellValue>
    </expirationDate>
    <planId cellLocation="Rate_Table-A.21">
      <cellValue>78079DC0160002</cellValue>
    </planId>
    <rateAreaId cellLocation="Rate_Table-B.21">
      <cellValue>Rating Area 1</cellValue>
    </rateAreaId>
    <tobacco cellLocation="Rate_Table-C.21">
      <cellValue>No Preference</cellValue>
    </tobacco>
    <ageNumber cellLocation="Rate_Table-D.21">
      <cellValue>27</cellValue>
    </ageNumber>
    <primaryEnrollee cellLocation="Rate_Table-E.21">
      <cellValue>200.12</cellValue>
    </primaryEnrollee>
  </items>
  <items>
    <effectiveDate cellLocation="Rate_Table-B.8">
      <cellValue>2016-01-01</cellValue>
    </effectiveDate>
    <expirationDate cellLocation="Rate_Table-B.9">
      <cellValue>2016-12-31</cellValue>
    </expirationDate>
    <planId cellLocation="Rate_Table-A.22">
      <cellValue>78079DC0160002</cellValue>
    </planId>
    <rateAreaId cellLocation="Rate_Table-B.22">
      <cellValue>Rating Area 1</cellValue>
    </rateAreaId>
    <tobacco cellLocation="Rate_Table-C.22">
      <cellValue>No Preference</cellValue>
    </tobacco>
    <ageNumber cellLocation="Rate_Table-D.22">
      <cellValue>28</cellValue>
    </ageNumber>
    <primaryEnrollee cellLocation="Rate_Table-E.22">
      <cellValue>204.80</cellValue>
    </primaryEnrollee>
  </items>
  <items>
    <effectiveDate cellLocation="Rate_Table-B.8">
      <cellValue>2016-01-01</cellValue>
    </effectiveDate>
    <expirationDate cellLocation="Rate_Table-B.9">
      <cellValue>2016-12-31</cellValue>
    </expirationDate>
    <planId cellLocation="Rate_Table-A.23">
      <cellValue>78079DC0160002</cellValue>
    </planId>
    <rateAreaId cellLocation="Rate_Table-B.23">
      <cellValue>Rating Area 1</cellValue>
    </rateAreaId>
    <tobacco cellLocation="Rate_Table-C.23">
      <cellValue>No Preference</cellValue>
    </tobacco>
    <ageNumber cellLocation="Rate_Table-D.23">
      <cellValue>29</cellValue>
    </ageNumber>
    <primaryEnrollee cellLocation="Rate_Table-E.23">
      <cellValue>209.21</cellValue>
    </primaryEnrollee>
  </items>
  <items>
    <effectiveDate cellLocation="Rate_Table-B.8">
      <cellValue>2016-01-01</cellValue>
    </effectiveDate>
    <expirationDate cellLocation="Rate_Table-B.9">
      <cellValue>2016-12-31</cellValue>
    </expirationDate>
    <planId cellLocation="Rate_Table-A.24">
      <cellValue>78079DC0160002</cellValue>
    </planId>
    <rateAreaId cellLocation="Rate_Table-B.24">
      <cellValue>Rating Area 1</cellValue>
    </rateAreaId>
    <tobacco cellLocation="Rate_Table-C.24">
      <cellValue>No Preference</cellValue>
    </tobacco>
    <ageNumber cellLocation="Rate_Table-D.24">
      <cellValue>30</cellValue>
    </ageNumber>
    <primaryEnrollee cellLocation="Rate_Table-E.24">
      <cellValue>214.44</cellValue>
    </primaryEnrollee>
  </items>
  <items>
    <effectiveDate cellLocation="Rate_Table-B.8">
      <cellValue>2016-01-01</cellValue>
    </effectiveDate>
    <expirationDate cellLocation="Rate_Table-B.9">
      <cellValue>2016-12-31</cellValue>
    </expirationDate>
    <planId cellLocation="Rate_Table-A.25">
      <cellValue>78079DC0160002</cellValue>
    </planId>
    <rateAreaId cellLocation="Rate_Table-B.25">
      <cellValue>Rating Area 1</cellValue>
    </rateAreaId>
    <tobacco cellLocation="Rate_Table-C.25">
      <cellValue>No Preference</cellValue>
    </tobacco>
    <ageNumber cellLocation="Rate_Table-D.25">
      <cellValue>31</cellValue>
    </ageNumber>
    <primaryEnrollee cellLocation="Rate_Table-E.25">
      <cellValue>219.94</cellValue>
    </primaryEnrollee>
  </items>
  <items>
    <effectiveDate cellLocation="Rate_Table-B.8">
      <cellValue>2016-01-01</cellValue>
    </effectiveDate>
    <expirationDate cellLocation="Rate_Table-B.9">
      <cellValue>2016-12-31</cellValue>
    </expirationDate>
    <planId cellLocation="Rate_Table-A.26">
      <cellValue>78079DC0160002</cellValue>
    </planId>
    <rateAreaId cellLocation="Rate_Table-B.26">
      <cellValue>Rating Area 1</cellValue>
    </rateAreaId>
    <tobacco cellLocation="Rate_Table-C.26">
      <cellValue>No Preference</cellValue>
    </tobacco>
    <ageNumber cellLocation="Rate_Table-D.26">
      <cellValue>32</cellValue>
    </ageNumber>
    <primaryEnrollee cellLocation="Rate_Table-E.26">
      <cellValue>224.90</cellValue>
    </primaryEnrollee>
  </items>
  <items>
    <effectiveDate cellLocation="Rate_Table-B.8">
      <cellValue>2016-01-01</cellValue>
    </effectiveDate>
    <expirationDate cellLocation="Rate_Table-B.9">
      <cellValue>2016-12-31</cellValue>
    </expirationDate>
    <planId cellLocation="Rate_Table-A.27">
      <cellValue>78079DC0160002</cellValue>
    </planId>
    <rateAreaId cellLocation="Rate_Table-B.27">
      <cellValue>Rating Area 1</cellValue>
    </rateAreaId>
    <tobacco cellLocation="Rate_Table-C.27">
      <cellValue>No Preference</cellValue>
    </tobacco>
    <ageNumber cellLocation="Rate_Table-D.27">
      <cellValue>33</cellValue>
    </ageNumber>
    <primaryEnrollee cellLocation="Rate_Table-E.27">
      <cellValue>230.13</cellValue>
    </primaryEnrollee>
  </items>
  <items>
    <effectiveDate cellLocation="Rate_Table-B.8">
      <cellValue>2016-01-01</cellValue>
    </effectiveDate>
    <expirationDate cellLocation="Rate_Table-B.9">
      <cellValue>2016-12-31</cellValue>
    </expirationDate>
    <planId cellLocation="Rate_Table-A.28">
      <cellValue>78079DC0160002</cellValue>
    </planId>
    <rateAreaId cellLocation="Rate_Table-B.28">
      <cellValue>Rating Area 1</cellValue>
    </rateAreaId>
    <tobacco cellLocation="Rate_Table-C.28">
      <cellValue>No Preference</cellValue>
    </tobacco>
    <ageNumber cellLocation="Rate_Table-D.28">
      <cellValue>34</cellValue>
    </ageNumber>
    <primaryEnrollee cellLocation="Rate_Table-E.28">
      <cellValue>235.63</cellValue>
    </primaryEnrollee>
  </items>
  <items>
    <effectiveDate cellLocation="Rate_Table-B.8">
      <cellValue>2016-01-01</cellValue>
    </effectiveDate>
    <expirationDate cellLocation="Rate_Table-B.9">
      <cellValue>2016-12-31</cellValue>
    </expirationDate>
    <planId cellLocation="Rate_Table-A.29">
      <cellValue>78079DC0160002</cellValue>
    </planId>
    <rateAreaId cellLocation="Rate_Table-B.29">
      <cellValue>Rating Area 1</cellValue>
    </rateAreaId>
    <tobacco cellLocation="Rate_Table-C.29">
      <cellValue>No Preference</cellValue>
    </tobacco>
    <ageNumber cellLocation="Rate_Table-D.29">
      <cellValue>35</cellValue>
    </ageNumber>
    <primaryEnrollee cellLocation="Rate_Table-E.29">
      <cellValue>241.14</cellValue>
    </primaryEnrollee>
  </items>
  <items>
    <effectiveDate cellLocation="Rate_Table-B.8">
      <cellValue>2016-01-01</cellValue>
    </effectiveDate>
    <expirationDate cellLocation="Rate_Table-B.9">
      <cellValue>2016-12-31</cellValue>
    </expirationDate>
    <planId cellLocation="Rate_Table-A.30">
      <cellValue>78079DC0160002</cellValue>
    </planId>
    <rateAreaId cellLocation="Rate_Table-B.30">
      <cellValue>Rating Area 1</cellValue>
    </rateAreaId>
    <tobacco cellLocation="Rate_Table-C.30">
      <cellValue>No Preference</cellValue>
    </tobacco>
    <ageNumber cellLocation="Rate_Table-D.30">
      <cellValue>36</cellValue>
    </ageNumber>
    <primaryEnrollee cellLocation="Rate_Table-E.30">
      <cellValue>246.64</cellValue>
    </primaryEnrollee>
  </items>
  <items>
    <effectiveDate cellLocation="Rate_Table-B.8">
      <cellValue>2016-01-01</cellValue>
    </effectiveDate>
    <expirationDate cellLocation="Rate_Table-B.9">
      <cellValue>2016-12-31</cellValue>
    </expirationDate>
    <planId cellLocation="Rate_Table-A.31">
      <cellValue>78079DC0160002</cellValue>
    </planId>
    <rateAreaId cellLocation="Rate_Table-B.31">
      <cellValue>Rating Area 1</cellValue>
    </rateAreaId>
    <tobacco cellLocation="Rate_Table-C.31">
      <cellValue>No Preference</cellValue>
    </tobacco>
    <ageNumber cellLocation="Rate_Table-D.31">
      <cellValue>37</cellValue>
    </ageNumber>
    <primaryEnrollee cellLocation="Rate_Table-E.31">
      <cellValue>252.15</cellValue>
    </primaryEnrollee>
  </items>
  <items>
    <effectiveDate cellLocation="Rate_Table-B.8">
      <cellValue>2016-01-01</cellValue>
    </effectiveDate>
    <expirationDate cellLocation="Rate_Table-B.9">
      <cellValue>2016-12-31</cellValue>
    </expirationDate>
    <planId cellLocation="Rate_Table-A.32">
      <cellValue>78079DC0160002</cellValue>
    </planId>
    <rateAreaId cellLocation="Rate_Table-B.32">
      <cellValue>Rating Area 1</cellValue>
    </rateAreaId>
    <tobacco cellLocation="Rate_Table-C.32">
      <cellValue>No Preference</cellValue>
    </tobacco>
    <ageNumber cellLocation="Rate_Table-D.32">
      <cellValue>38</cellValue>
    </ageNumber>
    <primaryEnrollee cellLocation="Rate_Table-E.32">
      <cellValue>255.18</cellValue>
    </primaryEnrollee>
  </items>
  <items>
    <effectiveDate cellLocation="Rate_Table-B.8">
      <cellValue>2016-01-01</cellValue>
    </effectiveDate>
    <expirationDate cellLocation="Rate_Table-B.9">
      <cellValue>2016-12-31</cellValue>
    </expirationDate>
    <planId cellLocation="Rate_Table-A.33">
      <cellValue>78079DC0160002</cellValue>
    </planId>
    <rateAreaId cellLocation="Rate_Table-B.33">
      <cellValue>Rating Area 1</cellValue>
    </rateAreaId>
    <tobacco cellLocation="Rate_Table-C.33">
      <cellValue>No Preference</cellValue>
    </tobacco>
    <ageNumber cellLocation="Rate_Table-D.33">
      <cellValue>39</cellValue>
    </ageNumber>
    <primaryEnrollee cellLocation="Rate_Table-E.33">
      <cellValue>258.20</cellValue>
    </primaryEnrollee>
  </items>
  <items>
    <effectiveDate cellLocation="Rate_Table-B.8">
      <cellValue>2016-01-01</cellValue>
    </effectiveDate>
    <expirationDate cellLocation="Rate_Table-B.9">
      <cellValue>2016-12-31</cellValue>
    </expirationDate>
    <planId cellLocation="Rate_Table-A.34">
      <cellValue>78079DC0160002</cellValue>
    </planId>
    <rateAreaId cellLocation="Rate_Table-B.34">
      <cellValue>Rating Area 1</cellValue>
    </rateAreaId>
    <tobacco cellLocation="Rate_Table-C.34">
      <cellValue>No Preference</cellValue>
    </tobacco>
    <ageNumber cellLocation="Rate_Table-D.34">
      <cellValue>40</cellValue>
    </ageNumber>
    <primaryEnrollee cellLocation="Rate_Table-E.34">
      <cellValue>268.39</cellValue>
    </primaryEnrollee>
  </items>
  <items>
    <effectiveDate cellLocation="Rate_Table-B.8">
      <cellValue>2016-01-01</cellValue>
    </effectiveDate>
    <expirationDate cellLocation="Rate_Table-B.9">
      <cellValue>2016-12-31</cellValue>
    </expirationDate>
    <planId cellLocation="Rate_Table-A.35">
      <cellValue>78079DC0160002</cellValue>
    </planId>
    <rateAreaId cellLocation="Rate_Table-B.35">
      <cellValue>Rating Area 1</cellValue>
    </rateAreaId>
    <tobacco cellLocation="Rate_Table-C.35">
      <cellValue>No Preference</cellValue>
    </tobacco>
    <ageNumber cellLocation="Rate_Table-D.35">
      <cellValue>41</cellValue>
    </ageNumber>
    <primaryEnrollee cellLocation="Rate_Table-E.35">
      <cellValue>278.85</cellValue>
    </primaryEnrollee>
  </items>
  <items>
    <effectiveDate cellLocation="Rate_Table-B.8">
      <cellValue>2016-01-01</cellValue>
    </effectiveDate>
    <expirationDate cellLocation="Rate_Table-B.9">
      <cellValue>2016-12-31</cellValue>
    </expirationDate>
    <planId cellLocation="Rate_Table-A.36">
      <cellValue>78079DC0160002</cellValue>
    </planId>
    <rateAreaId cellLocation="Rate_Table-B.36">
      <cellValue>Rating Area 1</cellValue>
    </rateAreaId>
    <tobacco cellLocation="Rate_Table-C.36">
      <cellValue>No Preference</cellValue>
    </tobacco>
    <ageNumber cellLocation="Rate_Table-D.36">
      <cellValue>42</cellValue>
    </ageNumber>
    <primaryEnrollee cellLocation="Rate_Table-E.36">
      <cellValue>289.86</cellValue>
    </primaryEnrollee>
  </items>
  <items>
    <effectiveDate cellLocation="Rate_Table-B.8">
      <cellValue>2016-01-01</cellValue>
    </effectiveDate>
    <expirationDate cellLocation="Rate_Table-B.9">
      <cellValue>2016-12-31</cellValue>
    </expirationDate>
    <planId cellLocation="Rate_Table-A.37">
      <cellValue>78079DC0160002</cellValue>
    </planId>
    <rateAreaId cellLocation="Rate_Table-B.37">
      <cellValue>Rating Area 1</cellValue>
    </rateAreaId>
    <tobacco cellLocation="Rate_Table-C.37">
      <cellValue>No Preference</cellValue>
    </tobacco>
    <ageNumber cellLocation="Rate_Table-D.37">
      <cellValue>43</cellValue>
    </ageNumber>
    <primaryEnrollee cellLocation="Rate_Table-E.37">
      <cellValue>301.15</cellValue>
    </primaryEnrollee>
  </items>
  <items>
    <effectiveDate cellLocation="Rate_Table-B.8">
      <cellValue>2016-01-01</cellValue>
    </effectiveDate>
    <expirationDate cellLocation="Rate_Table-B.9">
      <cellValue>2016-12-31</cellValue>
    </expirationDate>
    <planId cellLocation="Rate_Table-A.38">
      <cellValue>78079DC0160002</cellValue>
    </planId>
    <rateAreaId cellLocation="Rate_Table-B.38">
      <cellValue>Rating Area 1</cellValue>
    </rateAreaId>
    <tobacco cellLocation="Rate_Table-C.38">
      <cellValue>No Preference</cellValue>
    </tobacco>
    <ageNumber cellLocation="Rate_Table-D.38">
      <cellValue>44</cellValue>
    </ageNumber>
    <primaryEnrollee cellLocation="Rate_Table-E.38">
      <cellValue>312.98</cellValue>
    </primaryEnrollee>
  </items>
  <items>
    <effectiveDate cellLocation="Rate_Table-B.8">
      <cellValue>2016-01-01</cellValue>
    </effectiveDate>
    <expirationDate cellLocation="Rate_Table-B.9">
      <cellValue>2016-12-31</cellValue>
    </expirationDate>
    <planId cellLocation="Rate_Table-A.39">
      <cellValue>78079DC0160002</cellValue>
    </planId>
    <rateAreaId cellLocation="Rate_Table-B.39">
      <cellValue>Rating Area 1</cellValue>
    </rateAreaId>
    <tobacco cellLocation="Rate_Table-C.39">
      <cellValue>No Preference</cellValue>
    </tobacco>
    <ageNumber cellLocation="Rate_Table-D.39">
      <cellValue>45</cellValue>
    </ageNumber>
    <primaryEnrollee cellLocation="Rate_Table-E.39">
      <cellValue>325.09</cellValue>
    </primaryEnrollee>
  </items>
  <items>
    <effectiveDate cellLocation="Rate_Table-B.8">
      <cellValue>2016-01-01</cellValue>
    </effectiveDate>
    <expirationDate cellLocation="Rate_Table-B.9">
      <cellValue>2016-12-31</cellValue>
    </expirationDate>
    <planId cellLocation="Rate_Table-A.40">
      <cellValue>78079DC0160002</cellValue>
    </planId>
    <rateAreaId cellLocation="Rate_Table-B.40">
      <cellValue>Rating Area 1</cellValue>
    </rateAreaId>
    <tobacco cellLocation="Rate_Table-C.40">
      <cellValue>No Preference</cellValue>
    </tobacco>
    <ageNumber cellLocation="Rate_Table-D.40">
      <cellValue>46</cellValue>
    </ageNumber>
    <primaryEnrollee cellLocation="Rate_Table-E.40">
      <cellValue>337.76</cellValue>
    </primaryEnrollee>
  </items>
  <items>
    <effectiveDate cellLocation="Rate_Table-B.8">
      <cellValue>2016-01-01</cellValue>
    </effectiveDate>
    <expirationDate cellLocation="Rate_Table-B.9">
      <cellValue>2016-12-31</cellValue>
    </expirationDate>
    <planId cellLocation="Rate_Table-A.41">
      <cellValue>78079DC0160002</cellValue>
    </planId>
    <rateAreaId cellLocation="Rate_Table-B.41">
      <cellValue>Rating Area 1</cellValue>
    </rateAreaId>
    <tobacco cellLocation="Rate_Table-C.41">
      <cellValue>No Preference</cellValue>
    </tobacco>
    <ageNumber cellLocation="Rate_Table-D.41">
      <cellValue>47</cellValue>
    </ageNumber>
    <primaryEnrollee cellLocation="Rate_Table-E.41">
      <cellValue>350.97</cellValue>
    </primaryEnrollee>
  </items>
  <items>
    <effectiveDate cellLocation="Rate_Table-B.8">
      <cellValue>2016-01-01</cellValue>
    </effectiveDate>
    <expirationDate cellLocation="Rate_Table-B.9">
      <cellValue>2016-12-31</cellValue>
    </expirationDate>
    <planId cellLocation="Rate_Table-A.42">
      <cellValue>78079DC0160002</cellValue>
    </planId>
    <rateAreaId cellLocation="Rate_Table-B.42">
      <cellValue>Rating Area 1</cellValue>
    </rateAreaId>
    <tobacco cellLocation="Rate_Table-C.42">
      <cellValue>No Preference</cellValue>
    </tobacco>
    <ageNumber cellLocation="Rate_Table-D.42">
      <cellValue>48</cellValue>
    </ageNumber>
    <primaryEnrollee cellLocation="Rate_Table-E.42">
      <cellValue>364.73</cellValue>
    </primaryEnrollee>
  </items>
  <items>
    <effectiveDate cellLocation="Rate_Table-B.8">
      <cellValue>2016-01-01</cellValue>
    </effectiveDate>
    <expirationDate cellLocation="Rate_Table-B.9">
      <cellValue>2016-12-31</cellValue>
    </expirationDate>
    <planId cellLocation="Rate_Table-A.43">
      <cellValue>78079DC0160002</cellValue>
    </planId>
    <rateAreaId cellLocation="Rate_Table-B.43">
      <cellValue>Rating Area 1</cellValue>
    </rateAreaId>
    <tobacco cellLocation="Rate_Table-C.43">
      <cellValue>No Preference</cellValue>
    </tobacco>
    <ageNumber cellLocation="Rate_Table-D.43">
      <cellValue>49</cellValue>
    </ageNumber>
    <primaryEnrollee cellLocation="Rate_Table-E.43">
      <cellValue>379.05</cellValue>
    </primaryEnrollee>
  </items>
  <items>
    <effectiveDate cellLocation="Rate_Table-B.8">
      <cellValue>2016-01-01</cellValue>
    </effectiveDate>
    <expirationDate cellLocation="Rate_Table-B.9">
      <cellValue>2016-12-31</cellValue>
    </expirationDate>
    <planId cellLocation="Rate_Table-A.44">
      <cellValue>78079DC0160002</cellValue>
    </planId>
    <rateAreaId cellLocation="Rate_Table-B.44">
      <cellValue>Rating Area 1</cellValue>
    </rateAreaId>
    <tobacco cellLocation="Rate_Table-C.44">
      <cellValue>No Preference</cellValue>
    </tobacco>
    <ageNumber cellLocation="Rate_Table-D.44">
      <cellValue>50</cellValue>
    </ageNumber>
    <primaryEnrollee cellLocation="Rate_Table-E.44">
      <cellValue>393.91</cellValue>
    </primaryEnrollee>
  </items>
  <items>
    <effectiveDate cellLocation="Rate_Table-B.8">
      <cellValue>2016-01-01</cellValue>
    </effectiveDate>
    <expirationDate cellLocation="Rate_Table-B.9">
      <cellValue>2016-12-31</cellValue>
    </expirationDate>
    <planId cellLocation="Rate_Table-A.45">
      <cellValue>78079DC0160002</cellValue>
    </planId>
    <rateAreaId cellLocation="Rate_Table-B.45">
      <cellValue>Rating Area 1</cellValue>
    </rateAreaId>
    <tobacco cellLocation="Rate_Table-C.45">
      <cellValue>No Preference</cellValue>
    </tobacco>
    <ageNumber cellLocation="Rate_Table-D.45">
      <cellValue>51</cellValue>
    </ageNumber>
    <primaryEnrollee cellLocation="Rate_Table-E.45">
      <cellValue>409.33</cellValue>
    </primaryEnrollee>
  </items>
  <items>
    <effectiveDate cellLocation="Rate_Table-B.8">
      <cellValue>2016-01-01</cellValue>
    </effectiveDate>
    <expirationDate cellLocation="Rate_Table-B.9">
      <cellValue>2016-12-31</cellValue>
    </expirationDate>
    <planId cellLocation="Rate_Table-A.46">
      <cellValue>78079DC0160002</cellValue>
    </planId>
    <rateAreaId cellLocation="Rate_Table-B.46">
      <cellValue>Rating Area 1</cellValue>
    </rateAreaId>
    <tobacco cellLocation="Rate_Table-C.46">
      <cellValue>No Preference</cellValue>
    </tobacco>
    <ageNumber cellLocation="Rate_Table-D.46">
      <cellValue>52</cellValue>
    </ageNumber>
    <primaryEnrollee cellLocation="Rate_Table-E.46">
      <cellValue>425.29</cellValue>
    </primaryEnrollee>
  </items>
  <items>
    <effectiveDate cellLocation="Rate_Table-B.8">
      <cellValue>2016-01-01</cellValue>
    </effectiveDate>
    <expirationDate cellLocation="Rate_Table-B.9">
      <cellValue>2016-12-31</cellValue>
    </expirationDate>
    <planId cellLocation="Rate_Table-A.47">
      <cellValue>78079DC0160002</cellValue>
    </planId>
    <rateAreaId cellLocation="Rate_Table-B.47">
      <cellValue>Rating Area 1</cellValue>
    </rateAreaId>
    <tobacco cellLocation="Rate_Table-C.47">
      <cellValue>No Preference</cellValue>
    </tobacco>
    <ageNumber cellLocation="Rate_Table-D.47">
      <cellValue>53</cellValue>
    </ageNumber>
    <primaryEnrollee cellLocation="Rate_Table-E.47">
      <cellValue>441.81</cellValue>
    </primaryEnrollee>
  </items>
  <items>
    <effectiveDate cellLocation="Rate_Table-B.8">
      <cellValue>2016-01-01</cellValue>
    </effectiveDate>
    <expirationDate cellLocation="Rate_Table-B.9">
      <cellValue>2016-12-31</cellValue>
    </expirationDate>
    <planId cellLocation="Rate_Table-A.48">
      <cellValue>78079DC0160002</cellValue>
    </planId>
    <rateAreaId cellLocation="Rate_Table-B.48">
      <cellValue>Rating Area 1</cellValue>
    </rateAreaId>
    <tobacco cellLocation="Rate_Table-C.48">
      <cellValue>No Preference</cellValue>
    </tobacco>
    <ageNumber cellLocation="Rate_Table-D.48">
      <cellValue>54</cellValue>
    </ageNumber>
    <primaryEnrollee cellLocation="Rate_Table-E.48">
      <cellValue>459.15</cellValue>
    </primaryEnrollee>
  </items>
  <items>
    <effectiveDate cellLocation="Rate_Table-B.8">
      <cellValue>2016-01-01</cellValue>
    </effectiveDate>
    <expirationDate cellLocation="Rate_Table-B.9">
      <cellValue>2016-12-31</cellValue>
    </expirationDate>
    <planId cellLocation="Rate_Table-A.49">
      <cellValue>78079DC0160002</cellValue>
    </planId>
    <rateAreaId cellLocation="Rate_Table-B.49">
      <cellValue>Rating Area 1</cellValue>
    </rateAreaId>
    <tobacco cellLocation="Rate_Table-C.49">
      <cellValue>No Preference</cellValue>
    </tobacco>
    <ageNumber cellLocation="Rate_Table-D.49">
      <cellValue>55</cellValue>
    </ageNumber>
    <primaryEnrollee cellLocation="Rate_Table-E.49">
      <cellValue>477.04</cellValue>
    </primaryEnrollee>
  </items>
  <items>
    <effectiveDate cellLocation="Rate_Table-B.8">
      <cellValue>2016-01-01</cellValue>
    </effectiveDate>
    <expirationDate cellLocation="Rate_Table-B.9">
      <cellValue>2016-12-31</cellValue>
    </expirationDate>
    <planId cellLocation="Rate_Table-A.50">
      <cellValue>78079DC0160002</cellValue>
    </planId>
    <rateAreaId cellLocation="Rate_Table-B.50">
      <cellValue>Rating Area 1</cellValue>
    </rateAreaId>
    <tobacco cellLocation="Rate_Table-C.50">
      <cellValue>No Preference</cellValue>
    </tobacco>
    <ageNumber cellLocation="Rate_Table-D.50">
      <cellValue>56</cellValue>
    </ageNumber>
    <primaryEnrollee cellLocation="Rate_Table-E.50">
      <cellValue>495.76</cellValue>
    </primaryEnrollee>
  </items>
  <items>
    <effectiveDate cellLocation="Rate_Table-B.8">
      <cellValue>2016-01-01</cellValue>
    </effectiveDate>
    <expirationDate cellLocation="Rate_Table-B.9">
      <cellValue>2016-12-31</cellValue>
    </expirationDate>
    <planId cellLocation="Rate_Table-A.51">
      <cellValue>78079DC0160002</cellValue>
    </planId>
    <rateAreaId cellLocation="Rate_Table-B.51">
      <cellValue>Rating Area 1</cellValue>
    </rateAreaId>
    <tobacco cellLocation="Rate_Table-C.51">
      <cellValue>No Preference</cellValue>
    </tobacco>
    <ageNumber cellLocation="Rate_Table-D.51">
      <cellValue>57</cellValue>
    </ageNumber>
    <primaryEnrollee cellLocation="Rate_Table-E.51">
      <cellValue>515.03</cellValue>
    </primaryEnrollee>
  </items>
  <items>
    <effectiveDate cellLocation="Rate_Table-B.8">
      <cellValue>2016-01-01</cellValue>
    </effectiveDate>
    <expirationDate cellLocation="Rate_Table-B.9">
      <cellValue>2016-12-31</cellValue>
    </expirationDate>
    <planId cellLocation="Rate_Table-A.52">
      <cellValue>78079DC0160002</cellValue>
    </planId>
    <rateAreaId cellLocation="Rate_Table-B.52">
      <cellValue>Rating Area 1</cellValue>
    </rateAreaId>
    <tobacco cellLocation="Rate_Table-C.52">
      <cellValue>No Preference</cellValue>
    </tobacco>
    <ageNumber cellLocation="Rate_Table-D.52">
      <cellValue>58</cellValue>
    </ageNumber>
    <primaryEnrollee cellLocation="Rate_Table-E.52">
      <cellValue>535.12</cellValue>
    </primaryEnrollee>
  </items>
  <items>
    <effectiveDate cellLocation="Rate_Table-B.8">
      <cellValue>2016-01-01</cellValue>
    </effectiveDate>
    <expirationDate cellLocation="Rate_Table-B.9">
      <cellValue>2016-12-31</cellValue>
    </expirationDate>
    <planId cellLocation="Rate_Table-A.53">
      <cellValue>78079DC0160002</cellValue>
    </planId>
    <rateAreaId cellLocation="Rate_Table-B.53">
      <cellValue>Rating Area 1</cellValue>
    </rateAreaId>
    <tobacco cellLocation="Rate_Table-C.53">
      <cellValue>No Preference</cellValue>
    </tobacco>
    <ageNumber cellLocation="Rate_Table-D.53">
      <cellValue>59</cellValue>
    </ageNumber>
    <primaryEnrollee cellLocation="Rate_Table-E.53">
      <cellValue>556.05</cellValue>
    </primaryEnrollee>
  </items>
  <items>
    <effectiveDate cellLocation="Rate_Table-B.8">
      <cellValue>2016-01-01</cellValue>
    </effectiveDate>
    <expirationDate cellLocation="Rate_Table-B.9">
      <cellValue>2016-12-31</cellValue>
    </expirationDate>
    <planId cellLocation="Rate_Table-A.54">
      <cellValue>78079DC0160002</cellValue>
    </planId>
    <rateAreaId cellLocation="Rate_Table-B.54">
      <cellValue>Rating Area 1</cellValue>
    </rateAreaId>
    <tobacco cellLocation="Rate_Table-C.54">
      <cellValue>No Preference</cellValue>
    </tobacco>
    <ageNumber cellLocation="Rate_Table-D.54">
      <cellValue>60</cellValue>
    </ageNumber>
    <primaryEnrollee cellLocation="Rate_Table-E.54">
      <cellValue>577.79</cellValue>
    </primaryEnrollee>
  </items>
  <items>
    <effectiveDate cellLocation="Rate_Table-B.8">
      <cellValue>2016-01-01</cellValue>
    </effectiveDate>
    <expirationDate cellLocation="Rate_Table-B.9">
      <cellValue>2016-12-31</cellValue>
    </expirationDate>
    <planId cellLocation="Rate_Table-A.55">
      <cellValue>78079DC0160002</cellValue>
    </planId>
    <rateAreaId cellLocation="Rate_Table-B.55">
      <cellValue>Rating Area 1</cellValue>
    </rateAreaId>
    <tobacco cellLocation="Rate_Table-C.55">
      <cellValue>No Preference</cellValue>
    </tobacco>
    <ageNumber cellLocation="Rate_Table-D.55">
      <cellValue>61</cellValue>
    </ageNumber>
    <primaryEnrollee cellLocation="Rate_Table-E.55">
      <cellValue>600.36</cellValue>
    </primaryEnrollee>
  </items>
  <items>
    <effectiveDate cellLocation="Rate_Table-B.8">
      <cellValue>2016-01-01</cellValue>
    </effectiveDate>
    <expirationDate cellLocation="Rate_Table-B.9">
      <cellValue>2016-12-31</cellValue>
    </expirationDate>
    <planId cellLocation="Rate_Table-A.56">
      <cellValue>78079DC0160002</cellValue>
    </planId>
    <rateAreaId cellLocation="Rate_Table-B.56">
      <cellValue>Rating Area 1</cellValue>
    </rateAreaId>
    <tobacco cellLocation="Rate_Table-C.56">
      <cellValue>No Preference</cellValue>
    </tobacco>
    <ageNumber cellLocation="Rate_Table-D.56">
      <cellValue>62</cellValue>
    </ageNumber>
    <primaryEnrollee cellLocation="Rate_Table-E.56">
      <cellValue>600.36</cellValue>
    </primaryEnrollee>
  </items>
  <items>
    <effectiveDate cellLocation="Rate_Table-B.8">
      <cellValue>2016-01-01</cellValue>
    </effectiveDate>
    <expirationDate cellLocation="Rate_Table-B.9">
      <cellValue>2016-12-31</cellValue>
    </expirationDate>
    <planId cellLocation="Rate_Table-A.57">
      <cellValue>78079DC0160002</cellValue>
    </planId>
    <rateAreaId cellLocation="Rate_Table-B.57">
      <cellValue>Rating Area 1</cellValue>
    </rateAreaId>
    <tobacco cellLocation="Rate_Table-C.57">
      <cellValue>No Preference</cellValue>
    </tobacco>
    <ageNumber cellLocation="Rate_Table-D.57">
      <cellValue>63</cellValue>
    </ageNumber>
    <primaryEnrollee cellLocation="Rate_Table-E.57">
      <cellValue>600.36</cellValue>
    </primaryEnrollee>
  </items>
  <items>
    <effectiveDate cellLocation="Rate_Table-B.8">
      <cellValue>2016-01-01</cellValue>
    </effectiveDate>
    <expirationDate cellLocation="Rate_Table-B.9">
      <cellValue>2016-12-31</cellValue>
    </expirationDate>
    <planId cellLocation="Rate_Table-A.58">
      <cellValue>78079DC0160002</cellValue>
    </planId>
    <rateAreaId cellLocation="Rate_Table-B.58">
      <cellValue>Rating Area 1</cellValue>
    </rateAreaId>
    <tobacco cellLocation="Rate_Table-C.58">
      <cellValue>No Preference</cellValue>
    </tobacco>
    <ageNumber cellLocation="Rate_Table-D.58">
      <cellValue>64</cellValue>
    </ageNumber>
    <primaryEnrollee cellLocation="Rate_Table-E.58">
      <cellValue>600.36</cellValue>
    </primaryEnrollee>
  </items>
  <items>
    <effectiveDate cellLocation="Rate_Table-B.8">
      <cellValue>2016-01-01</cellValue>
    </effectiveDate>
    <expirationDate cellLocation="Rate_Table-B.9">
      <cellValue>2016-12-31</cellValue>
    </expirationDate>
    <planId cellLocation="Rate_Table-A.59">
      <cellValue>78079DC0160002</cellValue>
    </planId>
    <rateAreaId cellLocation="Rate_Table-B.59">
      <cellValue>Rating Area 1</cellValue>
    </rateAreaId>
    <tobacco cellLocation="Rate_Table-C.59">
      <cellValue>No Preference</cellValue>
    </tobacco>
    <ageNumber cellLocation="Rate_Table-D.59">
      <cellValue>65 and over</cellValue>
    </ageNumber>
    <primaryEnrollee cellLocation="Rate_Table-E.59">
      <cellValue>600.36</cellValue>
    </primaryEnrollee>
  </items>
  <items>
    <effectiveDate cellLocation="Rate_Table-B.8">
      <cellValue>2016-01-01</cellValue>
    </effectiveDate>
    <expirationDate cellLocation="Rate_Table-B.9">
      <cellValue>2016-12-31</cellValue>
    </expirationDate>
    <planId cellLocation="Rate_Table-A.60">
      <cellValue>78079DC0160001</cellValue>
    </planId>
    <rateAreaId cellLocation="Rate_Table-B.60">
      <cellValue>Rating Area 1</cellValue>
    </rateAreaId>
    <tobacco cellLocation="Rate_Table-C.60">
      <cellValue>No Preference</cellValue>
    </tobacco>
    <ageNumber cellLocation="Rate_Table-D.60">
      <cellValue>0-20</cellValue>
    </ageNumber>
    <primaryEnrollee cellLocation="Rate_Table-E.60">
      <cellValue>278.33</cellValue>
    </primaryEnrollee>
  </items>
  <items>
    <effectiveDate cellLocation="Rate_Table-B.8">
      <cellValue>2016-01-01</cellValue>
    </effectiveDate>
    <expirationDate cellLocation="Rate_Table-B.9">
      <cellValue>2016-12-31</cellValue>
    </expirationDate>
    <planId cellLocation="Rate_Table-A.61">
      <cellValue>78079DC0160001</cellValue>
    </planId>
    <rateAreaId cellLocation="Rate_Table-B.61">
      <cellValue>Rating Area 1</cellValue>
    </rateAreaId>
    <tobacco cellLocation="Rate_Table-C.61">
      <cellValue>No Preference</cellValue>
    </tobacco>
    <ageNumber cellLocation="Rate_Table-D.61">
      <cellValue>21</cellValue>
    </ageNumber>
    <primaryEnrollee cellLocation="Rate_Table-E.61">
      <cellValue>309.40</cellValue>
    </primaryEnrollee>
  </items>
  <items>
    <effectiveDate cellLocation="Rate_Table-B.8">
      <cellValue>2016-01-01</cellValue>
    </effectiveDate>
    <expirationDate cellLocation="Rate_Table-B.9">
      <cellValue>2016-12-31</cellValue>
    </expirationDate>
    <planId cellLocation="Rate_Table-A.62">
      <cellValue>78079DC0160001</cellValue>
    </planId>
    <rateAreaId cellLocation="Rate_Table-B.62">
      <cellValue>Rating Area 1</cellValue>
    </rateAreaId>
    <tobacco cellLocation="Rate_Table-C.62">
      <cellValue>No Preference</cellValue>
    </tobacco>
    <ageNumber cellLocation="Rate_Table-D.62">
      <cellValue>22</cellValue>
    </ageNumber>
    <primaryEnrollee cellLocation="Rate_Table-E.62">
      <cellValue>309.40</cellValue>
    </primaryEnrollee>
  </items>
  <items>
    <effectiveDate cellLocation="Rate_Table-B.8">
      <cellValue>2016-01-01</cellValue>
    </effectiveDate>
    <expirationDate cellLocation="Rate_Table-B.9">
      <cellValue>2016-12-31</cellValue>
    </expirationDate>
    <planId cellLocation="Rate_Table-A.63">
      <cellValue>78079DC0160001</cellValue>
    </planId>
    <rateAreaId cellLocation="Rate_Table-B.63">
      <cellValue>Rating Area 1</cellValue>
    </rateAreaId>
    <tobacco cellLocation="Rate_Table-C.63">
      <cellValue>No Preference</cellValue>
    </tobacco>
    <ageNumber cellLocation="Rate_Table-D.63">
      <cellValue>23</cellValue>
    </ageNumber>
    <primaryEnrollee cellLocation="Rate_Table-E.63">
      <cellValue>309.40</cellValue>
    </primaryEnrollee>
  </items>
  <items>
    <effectiveDate cellLocation="Rate_Table-B.8">
      <cellValue>2016-01-01</cellValue>
    </effectiveDate>
    <expirationDate cellLocation="Rate_Table-B.9">
      <cellValue>2016-12-31</cellValue>
    </expirationDate>
    <planId cellLocation="Rate_Table-A.64">
      <cellValue>78079DC0160001</cellValue>
    </planId>
    <rateAreaId cellLocation="Rate_Table-B.64">
      <cellValue>Rating Area 1</cellValue>
    </rateAreaId>
    <tobacco cellLocation="Rate_Table-C.64">
      <cellValue>No Preference</cellValue>
    </tobacco>
    <ageNumber cellLocation="Rate_Table-D.64">
      <cellValue>24</cellValue>
    </ageNumber>
    <primaryEnrollee cellLocation="Rate_Table-E.64">
      <cellValue>309.40</cellValue>
    </primaryEnrollee>
  </items>
  <items>
    <effectiveDate cellLocation="Rate_Table-B.8">
      <cellValue>2016-01-01</cellValue>
    </effectiveDate>
    <expirationDate cellLocation="Rate_Table-B.9">
      <cellValue>2016-12-31</cellValue>
    </expirationDate>
    <planId cellLocation="Rate_Table-A.65">
      <cellValue>78079DC0160001</cellValue>
    </planId>
    <rateAreaId cellLocation="Rate_Table-B.65">
      <cellValue>Rating Area 1</cellValue>
    </rateAreaId>
    <tobacco cellLocation="Rate_Table-C.65">
      <cellValue>No Preference</cellValue>
    </tobacco>
    <ageNumber cellLocation="Rate_Table-D.65">
      <cellValue>25</cellValue>
    </ageNumber>
    <primaryEnrollee cellLocation="Rate_Table-E.65">
      <cellValue>309.40</cellValue>
    </primaryEnrollee>
  </items>
  <items>
    <effectiveDate cellLocation="Rate_Table-B.8">
      <cellValue>2016-01-01</cellValue>
    </effectiveDate>
    <expirationDate cellLocation="Rate_Table-B.9">
      <cellValue>2016-12-31</cellValue>
    </expirationDate>
    <planId cellLocation="Rate_Table-A.66">
      <cellValue>78079DC0160001</cellValue>
    </planId>
    <rateAreaId cellLocation="Rate_Table-B.66">
      <cellValue>Rating Area 1</cellValue>
    </rateAreaId>
    <tobacco cellLocation="Rate_Table-C.66">
      <cellValue>No Preference</cellValue>
    </tobacco>
    <ageNumber cellLocation="Rate_Table-D.66">
      <cellValue>26</cellValue>
    </ageNumber>
    <primaryEnrollee cellLocation="Rate_Table-E.66">
      <cellValue>309.40</cellValue>
    </primaryEnrollee>
  </items>
  <items>
    <effectiveDate cellLocation="Rate_Table-B.8">
      <cellValue>2016-01-01</cellValue>
    </effectiveDate>
    <expirationDate cellLocation="Rate_Table-B.9">
      <cellValue>2016-12-31</cellValue>
    </expirationDate>
    <planId cellLocation="Rate_Table-A.67">
      <cellValue>78079DC0160001</cellValue>
    </planId>
    <rateAreaId cellLocation="Rate_Table-B.67">
      <cellValue>Rating Area 1</cellValue>
    </rateAreaId>
    <tobacco cellLocation="Rate_Table-C.67">
      <cellValue>No Preference</cellValue>
    </tobacco>
    <ageNumber cellLocation="Rate_Table-D.67">
      <cellValue>27</cellValue>
    </ageNumber>
    <primaryEnrollee cellLocation="Rate_Table-E.67">
      <cellValue>309.40</cellValue>
    </primaryEnrollee>
  </items>
  <items>
    <effectiveDate cellLocation="Rate_Table-B.8">
      <cellValue>2016-01-01</cellValue>
    </effectiveDate>
    <expirationDate cellLocation="Rate_Table-B.9">
      <cellValue>2016-12-31</cellValue>
    </expirationDate>
    <planId cellLocation="Rate_Table-A.68">
      <cellValue>78079DC0160001</cellValue>
    </planId>
    <rateAreaId cellLocation="Rate_Table-B.68">
      <cellValue>Rating Area 1</cellValue>
    </rateAreaId>
    <tobacco cellLocation="Rate_Table-C.68">
      <cellValue>No Preference</cellValue>
    </tobacco>
    <ageNumber cellLocation="Rate_Table-D.68">
      <cellValue>28</cellValue>
    </ageNumber>
    <primaryEnrollee cellLocation="Rate_Table-E.68">
      <cellValue>316.63</cellValue>
    </primaryEnrollee>
  </items>
  <items>
    <effectiveDate cellLocation="Rate_Table-B.8">
      <cellValue>2016-01-01</cellValue>
    </effectiveDate>
    <expirationDate cellLocation="Rate_Table-B.9">
      <cellValue>2016-12-31</cellValue>
    </expirationDate>
    <planId cellLocation="Rate_Table-A.69">
      <cellValue>78079DC0160001</cellValue>
    </planId>
    <rateAreaId cellLocation="Rate_Table-B.69">
      <cellValue>Rating Area 1</cellValue>
    </rateAreaId>
    <tobacco cellLocation="Rate_Table-C.69">
      <cellValue>No Preference</cellValue>
    </tobacco>
    <ageNumber cellLocation="Rate_Table-D.69">
      <cellValue>29</cellValue>
    </ageNumber>
    <primaryEnrollee cellLocation="Rate_Table-E.69">
      <cellValue>323.44</cellValue>
    </primaryEnrollee>
  </items>
  <items>
    <effectiveDate cellLocation="Rate_Table-B.8">
      <cellValue>2016-01-01</cellValue>
    </effectiveDate>
    <expirationDate cellLocation="Rate_Table-B.9">
      <cellValue>2016-12-31</cellValue>
    </expirationDate>
    <planId cellLocation="Rate_Table-A.70">
      <cellValue>78079DC0160001</cellValue>
    </planId>
    <rateAreaId cellLocation="Rate_Table-B.70">
      <cellValue>Rating Area 1</cellValue>
    </rateAreaId>
    <tobacco cellLocation="Rate_Table-C.70">
      <cellValue>No Preference</cellValue>
    </tobacco>
    <ageNumber cellLocation="Rate_Table-D.70">
      <cellValue>30</cellValue>
    </ageNumber>
    <primaryEnrollee cellLocation="Rate_Table-E.70">
      <cellValue>331.53</cellValue>
    </primaryEnrollee>
  </items>
  <items>
    <effectiveDate cellLocation="Rate_Table-B.8">
      <cellValue>2016-01-01</cellValue>
    </effectiveDate>
    <expirationDate cellLocation="Rate_Table-B.9">
      <cellValue>2016-12-31</cellValue>
    </expirationDate>
    <planId cellLocation="Rate_Table-A.71">
      <cellValue>78079DC0160001</cellValue>
    </planId>
    <rateAreaId cellLocation="Rate_Table-B.71">
      <cellValue>Rating Area 1</cellValue>
    </rateAreaId>
    <tobacco cellLocation="Rate_Table-C.71">
      <cellValue>No Preference</cellValue>
    </tobacco>
    <ageNumber cellLocation="Rate_Table-D.71">
      <cellValue>31</cellValue>
    </ageNumber>
    <primaryEnrollee cellLocation="Rate_Table-E.71">
      <cellValue>340.04</cellValue>
    </primaryEnrollee>
  </items>
  <items>
    <effectiveDate cellLocation="Rate_Table-B.8">
      <cellValue>2016-01-01</cellValue>
    </effectiveDate>
    <expirationDate cellLocation="Rate_Table-B.9">
      <cellValue>2016-12-31</cellValue>
    </expirationDate>
    <planId cellLocation="Rate_Table-A.72">
      <cellValue>78079DC0160001</cellValue>
    </planId>
    <rateAreaId cellLocation="Rate_Table-B.72">
      <cellValue>Rating Area 1</cellValue>
    </rateAreaId>
    <tobacco cellLocation="Rate_Table-C.72">
      <cellValue>No Preference</cellValue>
    </tobacco>
    <ageNumber cellLocation="Rate_Table-D.72">
      <cellValue>32</cellValue>
    </ageNumber>
    <primaryEnrollee cellLocation="Rate_Table-E.72">
      <cellValue>347.70</cellValue>
    </primaryEnrollee>
  </items>
  <items>
    <effectiveDate cellLocation="Rate_Table-B.8">
      <cellValue>2016-01-01</cellValue>
    </effectiveDate>
    <expirationDate cellLocation="Rate_Table-B.9">
      <cellValue>2016-12-31</cellValue>
    </expirationDate>
    <planId cellLocation="Rate_Table-A.73">
      <cellValue>78079DC0160001</cellValue>
    </planId>
    <rateAreaId cellLocation="Rate_Table-B.73">
      <cellValue>Rating Area 1</cellValue>
    </rateAreaId>
    <tobacco cellLocation="Rate_Table-C.73">
      <cellValue>No Preference</cellValue>
    </tobacco>
    <ageNumber cellLocation="Rate_Table-D.73">
      <cellValue>33</cellValue>
    </ageNumber>
    <primaryEnrollee cellLocation="Rate_Table-E.73">
      <cellValue>355.78</cellValue>
    </primaryEnrollee>
  </items>
  <items>
    <effectiveDate cellLocation="Rate_Table-B.8">
      <cellValue>2016-01-01</cellValue>
    </effectiveDate>
    <expirationDate cellLocation="Rate_Table-B.9">
      <cellValue>2016-12-31</cellValue>
    </expirationDate>
    <planId cellLocation="Rate_Table-A.74">
      <cellValue>78079DC0160001</cellValue>
    </planId>
    <rateAreaId cellLocation="Rate_Table-B.74">
      <cellValue>Rating Area 1</cellValue>
    </rateAreaId>
    <tobacco cellLocation="Rate_Table-C.74">
      <cellValue>No Preference</cellValue>
    </tobacco>
    <ageNumber cellLocation="Rate_Table-D.74">
      <cellValue>34</cellValue>
    </ageNumber>
    <primaryEnrollee cellLocation="Rate_Table-E.74">
      <cellValue>364.30</cellValue>
    </primaryEnrollee>
  </items>
  <items>
    <effectiveDate cellLocation="Rate_Table-B.8">
      <cellValue>2016-01-01</cellValue>
    </effectiveDate>
    <expirationDate cellLocation="Rate_Table-B.9">
      <cellValue>2016-12-31</cellValue>
    </expirationDate>
    <planId cellLocation="Rate_Table-A.75">
      <cellValue>78079DC0160001</cellValue>
    </planId>
    <rateAreaId cellLocation="Rate_Table-B.75">
      <cellValue>Rating Area 1</cellValue>
    </rateAreaId>
    <tobacco cellLocation="Rate_Table-C.75">
      <cellValue>No Preference</cellValue>
    </tobacco>
    <ageNumber cellLocation="Rate_Table-D.75">
      <cellValue>35</cellValue>
    </ageNumber>
    <primaryEnrollee cellLocation="Rate_Table-E.75">
      <cellValue>372.81</cellValue>
    </primaryEnrollee>
  </items>
  <items>
    <effectiveDate cellLocation="Rate_Table-B.8">
      <cellValue>2016-01-01</cellValue>
    </effectiveDate>
    <expirationDate cellLocation="Rate_Table-B.9">
      <cellValue>2016-12-31</cellValue>
    </expirationDate>
    <planId cellLocation="Rate_Table-A.76">
      <cellValue>78079DC0160001</cellValue>
    </planId>
    <rateAreaId cellLocation="Rate_Table-B.76">
      <cellValue>Rating Area 1</cellValue>
    </rateAreaId>
    <tobacco cellLocation="Rate_Table-C.76">
      <cellValue>No Preference</cellValue>
    </tobacco>
    <ageNumber cellLocation="Rate_Table-D.76">
      <cellValue>36</cellValue>
    </ageNumber>
    <primaryEnrollee cellLocation="Rate_Table-E.76">
      <cellValue>381.32</cellValue>
    </primaryEnrollee>
  </items>
  <items>
    <effectiveDate cellLocation="Rate_Table-B.8">
      <cellValue>2016-01-01</cellValue>
    </effectiveDate>
    <expirationDate cellLocation="Rate_Table-B.9">
      <cellValue>2016-12-31</cellValue>
    </expirationDate>
    <planId cellLocation="Rate_Table-A.77">
      <cellValue>78079DC0160001</cellValue>
    </planId>
    <rateAreaId cellLocation="Rate_Table-B.77">
      <cellValue>Rating Area 1</cellValue>
    </rateAreaId>
    <tobacco cellLocation="Rate_Table-C.77">
      <cellValue>No Preference</cellValue>
    </tobacco>
    <ageNumber cellLocation="Rate_Table-D.77">
      <cellValue>37</cellValue>
    </ageNumber>
    <primaryEnrollee cellLocation="Rate_Table-E.77">
      <cellValue>389.83</cellValue>
    </primaryEnrollee>
  </items>
  <items>
    <effectiveDate cellLocation="Rate_Table-B.8">
      <cellValue>2016-01-01</cellValue>
    </effectiveDate>
    <expirationDate cellLocation="Rate_Table-B.9">
      <cellValue>2016-12-31</cellValue>
    </expirationDate>
    <planId cellLocation="Rate_Table-A.78">
      <cellValue>78079DC0160001</cellValue>
    </planId>
    <rateAreaId cellLocation="Rate_Table-B.78">
      <cellValue>Rating Area 1</cellValue>
    </rateAreaId>
    <tobacco cellLocation="Rate_Table-C.78">
      <cellValue>No Preference</cellValue>
    </tobacco>
    <ageNumber cellLocation="Rate_Table-D.78">
      <cellValue>38</cellValue>
    </ageNumber>
    <primaryEnrollee cellLocation="Rate_Table-E.78">
      <cellValue>394.51</cellValue>
    </primaryEnrollee>
  </items>
  <items>
    <effectiveDate cellLocation="Rate_Table-B.8">
      <cellValue>2016-01-01</cellValue>
    </effectiveDate>
    <expirationDate cellLocation="Rate_Table-B.9">
      <cellValue>2016-12-31</cellValue>
    </expirationDate>
    <planId cellLocation="Rate_Table-A.79">
      <cellValue>78079DC0160001</cellValue>
    </planId>
    <rateAreaId cellLocation="Rate_Table-B.79">
      <cellValue>Rating Area 1</cellValue>
    </rateAreaId>
    <tobacco cellLocation="Rate_Table-C.79">
      <cellValue>No Preference</cellValue>
    </tobacco>
    <ageNumber cellLocation="Rate_Table-D.79">
      <cellValue>39</cellValue>
    </ageNumber>
    <primaryEnrollee cellLocation="Rate_Table-E.79">
      <cellValue>399.19</cellValue>
    </primaryEnrollee>
  </items>
  <items>
    <effectiveDate cellLocation="Rate_Table-B.8">
      <cellValue>2016-01-01</cellValue>
    </effectiveDate>
    <expirationDate cellLocation="Rate_Table-B.9">
      <cellValue>2016-12-31</cellValue>
    </expirationDate>
    <planId cellLocation="Rate_Table-A.80">
      <cellValue>78079DC0160001</cellValue>
    </planId>
    <rateAreaId cellLocation="Rate_Table-B.80">
      <cellValue>Rating Area 1</cellValue>
    </rateAreaId>
    <tobacco cellLocation="Rate_Table-C.80">
      <cellValue>No Preference</cellValue>
    </tobacco>
    <ageNumber cellLocation="Rate_Table-D.80">
      <cellValue>40</cellValue>
    </ageNumber>
    <primaryEnrollee cellLocation="Rate_Table-E.80">
      <cellValue>414.94</cellValue>
    </primaryEnrollee>
  </items>
  <items>
    <effectiveDate cellLocation="Rate_Table-B.8">
      <cellValue>2016-01-01</cellValue>
    </effectiveDate>
    <expirationDate cellLocation="Rate_Table-B.9">
      <cellValue>2016-12-31</cellValue>
    </expirationDate>
    <planId cellLocation="Rate_Table-A.81">
      <cellValue>78079DC0160001</cellValue>
    </planId>
    <rateAreaId cellLocation="Rate_Table-B.81">
      <cellValue>Rating Area 1</cellValue>
    </rateAreaId>
    <tobacco cellLocation="Rate_Table-C.81">
      <cellValue>No Preference</cellValue>
    </tobacco>
    <ageNumber cellLocation="Rate_Table-D.81">
      <cellValue>41</cellValue>
    </ageNumber>
    <primaryEnrollee cellLocation="Rate_Table-E.81">
      <cellValue>431.11</cellValue>
    </primaryEnrollee>
  </items>
  <items>
    <effectiveDate cellLocation="Rate_Table-B.8">
      <cellValue>2016-01-01</cellValue>
    </effectiveDate>
    <expirationDate cellLocation="Rate_Table-B.9">
      <cellValue>2016-12-31</cellValue>
    </expirationDate>
    <planId cellLocation="Rate_Table-A.82">
      <cellValue>78079DC0160001</cellValue>
    </planId>
    <rateAreaId cellLocation="Rate_Table-B.82">
      <cellValue>Rating Area 1</cellValue>
    </rateAreaId>
    <tobacco cellLocation="Rate_Table-C.82">
      <cellValue>No Preference</cellValue>
    </tobacco>
    <ageNumber cellLocation="Rate_Table-D.82">
      <cellValue>42</cellValue>
    </ageNumber>
    <primaryEnrollee cellLocation="Rate_Table-E.82">
      <cellValue>448.14</cellValue>
    </primaryEnrollee>
  </items>
  <items>
    <effectiveDate cellLocation="Rate_Table-B.8">
      <cellValue>2016-01-01</cellValue>
    </effectiveDate>
    <expirationDate cellLocation="Rate_Table-B.9">
      <cellValue>2016-12-31</cellValue>
    </expirationDate>
    <planId cellLocation="Rate_Table-A.83">
      <cellValue>78079DC0160001</cellValue>
    </planId>
    <rateAreaId cellLocation="Rate_Table-B.83">
      <cellValue>Rating Area 1</cellValue>
    </rateAreaId>
    <tobacco cellLocation="Rate_Table-C.83">
      <cellValue>No Preference</cellValue>
    </tobacco>
    <ageNumber cellLocation="Rate_Table-D.83">
      <cellValue>43</cellValue>
    </ageNumber>
    <primaryEnrollee cellLocation="Rate_Table-E.83">
      <cellValue>465.58</cellValue>
    </primaryEnrollee>
  </items>
  <items>
    <effectiveDate cellLocation="Rate_Table-B.8">
      <cellValue>2016-01-01</cellValue>
    </effectiveDate>
    <expirationDate cellLocation="Rate_Table-B.9">
      <cellValue>2016-12-31</cellValue>
    </expirationDate>
    <planId cellLocation="Rate_Table-A.84">
      <cellValue>78079DC0160001</cellValue>
    </planId>
    <rateAreaId cellLocation="Rate_Table-B.84">
      <cellValue>Rating Area 1</cellValue>
    </rateAreaId>
    <tobacco cellLocation="Rate_Table-C.84">
      <cellValue>No Preference</cellValue>
    </tobacco>
    <ageNumber cellLocation="Rate_Table-D.84">
      <cellValue>44</cellValue>
    </ageNumber>
    <primaryEnrollee cellLocation="Rate_Table-E.84">
      <cellValue>483.88</cellValue>
    </primaryEnrollee>
  </items>
  <items>
    <effectiveDate cellLocation="Rate_Table-B.8">
      <cellValue>2016-01-01</cellValue>
    </effectiveDate>
    <expirationDate cellLocation="Rate_Table-B.9">
      <cellValue>2016-12-31</cellValue>
    </expirationDate>
    <planId cellLocation="Rate_Table-A.85">
      <cellValue>78079DC0160001</cellValue>
    </planId>
    <rateAreaId cellLocation="Rate_Table-B.85">
      <cellValue>Rating Area 1</cellValue>
    </rateAreaId>
    <tobacco cellLocation="Rate_Table-C.85">
      <cellValue>No Preference</cellValue>
    </tobacco>
    <ageNumber cellLocation="Rate_Table-D.85">
      <cellValue>45</cellValue>
    </ageNumber>
    <primaryEnrollee cellLocation="Rate_Table-E.85">
      <cellValue>502.61</cellValue>
    </primaryEnrollee>
  </items>
  <items>
    <effectiveDate cellLocation="Rate_Table-B.8">
      <cellValue>2016-01-01</cellValue>
    </effectiveDate>
    <expirationDate cellLocation="Rate_Table-B.9">
      <cellValue>2016-12-31</cellValue>
    </expirationDate>
    <planId cellLocation="Rate_Table-A.86">
      <cellValue>78079DC0160001</cellValue>
    </planId>
    <rateAreaId cellLocation="Rate_Table-B.86">
      <cellValue>Rating Area 1</cellValue>
    </rateAreaId>
    <tobacco cellLocation="Rate_Table-C.86">
      <cellValue>No Preference</cellValue>
    </tobacco>
    <ageNumber cellLocation="Rate_Table-D.86">
      <cellValue>46</cellValue>
    </ageNumber>
    <primaryEnrollee cellLocation="Rate_Table-E.86">
      <cellValue>522.19</cellValue>
    </primaryEnrollee>
  </items>
  <items>
    <effectiveDate cellLocation="Rate_Table-B.8">
      <cellValue>2016-01-01</cellValue>
    </effectiveDate>
    <expirationDate cellLocation="Rate_Table-B.9">
      <cellValue>2016-12-31</cellValue>
    </expirationDate>
    <planId cellLocation="Rate_Table-A.87">
      <cellValue>78079DC0160001</cellValue>
    </planId>
    <rateAreaId cellLocation="Rate_Table-B.87">
      <cellValue>Rating Area 1</cellValue>
    </rateAreaId>
    <tobacco cellLocation="Rate_Table-C.87">
      <cellValue>No Preference</cellValue>
    </tobacco>
    <ageNumber cellLocation="Rate_Table-D.87">
      <cellValue>47</cellValue>
    </ageNumber>
    <primaryEnrollee cellLocation="Rate_Table-E.87">
      <cellValue>542.61</cellValue>
    </primaryEnrollee>
  </items>
  <items>
    <effectiveDate cellLocation="Rate_Table-B.8">
      <cellValue>2016-01-01</cellValue>
    </effectiveDate>
    <expirationDate cellLocation="Rate_Table-B.9">
      <cellValue>2016-12-31</cellValue>
    </expirationDate>
    <planId cellLocation="Rate_Table-A.88">
      <cellValue>78079DC0160001</cellValue>
    </planId>
    <rateAreaId cellLocation="Rate_Table-B.88">
      <cellValue>Rating Area 1</cellValue>
    </rateAreaId>
    <tobacco cellLocation="Rate_Table-C.88">
      <cellValue>No Preference</cellValue>
    </tobacco>
    <ageNumber cellLocation="Rate_Table-D.88">
      <cellValue>48</cellValue>
    </ageNumber>
    <primaryEnrollee cellLocation="Rate_Table-E.88">
      <cellValue>563.89</cellValue>
    </primaryEnrollee>
  </items>
  <items>
    <effectiveDate cellLocation="Rate_Table-B.8">
      <cellValue>2016-01-01</cellValue>
    </effectiveDate>
    <expirationDate cellLocation="Rate_Table-B.9">
      <cellValue>2016-12-31</cellValue>
    </expirationDate>
    <planId cellLocation="Rate_Table-A.89">
      <cellValue>78079DC0160001</cellValue>
    </planId>
    <rateAreaId cellLocation="Rate_Table-B.89">
      <cellValue>Rating Area 1</cellValue>
    </rateAreaId>
    <tobacco cellLocation="Rate_Table-C.89">
      <cellValue>No Preference</cellValue>
    </tobacco>
    <ageNumber cellLocation="Rate_Table-D.89">
      <cellValue>49</cellValue>
    </ageNumber>
    <primaryEnrollee cellLocation="Rate_Table-E.89">
      <cellValue>586.02</cellValue>
    </primaryEnrollee>
  </items>
  <items>
    <effectiveDate cellLocation="Rate_Table-B.8">
      <cellValue>2016-01-01</cellValue>
    </effectiveDate>
    <expirationDate cellLocation="Rate_Table-B.9">
      <cellValue>2016-12-31</cellValue>
    </expirationDate>
    <planId cellLocation="Rate_Table-A.90">
      <cellValue>78079DC0160001</cellValue>
    </planId>
    <rateAreaId cellLocation="Rate_Table-B.90">
      <cellValue>Rating Area 1</cellValue>
    </rateAreaId>
    <tobacco cellLocation="Rate_Table-C.90">
      <cellValue>No Preference</cellValue>
    </tobacco>
    <ageNumber cellLocation="Rate_Table-D.90">
      <cellValue>50</cellValue>
    </ageNumber>
    <primaryEnrollee cellLocation="Rate_Table-E.90">
      <cellValue>609.00</cellValue>
    </primaryEnrollee>
  </items>
  <items>
    <effectiveDate cellLocation="Rate_Table-B.8">
      <cellValue>2016-01-01</cellValue>
    </effectiveDate>
    <expirationDate cellLocation="Rate_Table-B.9">
      <cellValue>2016-12-31</cellValue>
    </expirationDate>
    <planId cellLocation="Rate_Table-A.91">
      <cellValue>78079DC0160001</cellValue>
    </planId>
    <rateAreaId cellLocation="Rate_Table-B.91">
      <cellValue>Rating Area 1</cellValue>
    </rateAreaId>
    <tobacco cellLocation="Rate_Table-C.91">
      <cellValue>No Preference</cellValue>
    </tobacco>
    <ageNumber cellLocation="Rate_Table-D.91">
      <cellValue>51</cellValue>
    </ageNumber>
    <primaryEnrollee cellLocation="Rate_Table-E.91">
      <cellValue>632.84</cellValue>
    </primaryEnrollee>
  </items>
  <items>
    <effectiveDate cellLocation="Rate_Table-B.8">
      <cellValue>2016-01-01</cellValue>
    </effectiveDate>
    <expirationDate cellLocation="Rate_Table-B.9">
      <cellValue>2016-12-31</cellValue>
    </expirationDate>
    <planId cellLocation="Rate_Table-A.92">
      <cellValue>78079DC0160001</cellValue>
    </planId>
    <rateAreaId cellLocation="Rate_Table-B.92">
      <cellValue>Rating Area 1</cellValue>
    </rateAreaId>
    <tobacco cellLocation="Rate_Table-C.92">
      <cellValue>No Preference</cellValue>
    </tobacco>
    <ageNumber cellLocation="Rate_Table-D.92">
      <cellValue>52</cellValue>
    </ageNumber>
    <primaryEnrollee cellLocation="Rate_Table-E.92">
      <cellValue>657.52</cellValue>
    </primaryEnrollee>
  </items>
  <items>
    <effectiveDate cellLocation="Rate_Table-B.8">
      <cellValue>2016-01-01</cellValue>
    </effectiveDate>
    <expirationDate cellLocation="Rate_Table-B.9">
      <cellValue>2016-12-31</cellValue>
    </expirationDate>
    <planId cellLocation="Rate_Table-A.93">
      <cellValue>78079DC0160001</cellValue>
    </planId>
    <rateAreaId cellLocation="Rate_Table-B.93">
      <cellValue>Rating Area 1</cellValue>
    </rateAreaId>
    <tobacco cellLocation="Rate_Table-C.93">
      <cellValue>No Preference</cellValue>
    </tobacco>
    <ageNumber cellLocation="Rate_Table-D.93">
      <cellValue>53</cellValue>
    </ageNumber>
    <primaryEnrollee cellLocation="Rate_Table-E.93">
      <cellValue>683.06</cellValue>
    </primaryEnrollee>
  </items>
  <items>
    <effectiveDate cellLocation="Rate_Table-B.8">
      <cellValue>2016-01-01</cellValue>
    </effectiveDate>
    <expirationDate cellLocation="Rate_Table-B.9">
      <cellValue>2016-12-31</cellValue>
    </expirationDate>
    <planId cellLocation="Rate_Table-A.94">
      <cellValue>78079DC0160001</cellValue>
    </planId>
    <rateAreaId cellLocation="Rate_Table-B.94">
      <cellValue>Rating Area 1</cellValue>
    </rateAreaId>
    <tobacco cellLocation="Rate_Table-C.94">
      <cellValue>No Preference</cellValue>
    </tobacco>
    <ageNumber cellLocation="Rate_Table-D.94">
      <cellValue>54</cellValue>
    </ageNumber>
    <primaryEnrollee cellLocation="Rate_Table-E.94">
      <cellValue>709.87</cellValue>
    </primaryEnrollee>
  </items>
  <items>
    <effectiveDate cellLocation="Rate_Table-B.8">
      <cellValue>2016-01-01</cellValue>
    </effectiveDate>
    <expirationDate cellLocation="Rate_Table-B.9">
      <cellValue>2016-12-31</cellValue>
    </expirationDate>
    <planId cellLocation="Rate_Table-A.95">
      <cellValue>78079DC0160001</cellValue>
    </planId>
    <rateAreaId cellLocation="Rate_Table-B.95">
      <cellValue>Rating Area 1</cellValue>
    </rateAreaId>
    <tobacco cellLocation="Rate_Table-C.95">
      <cellValue>No Preference</cellValue>
    </tobacco>
    <ageNumber cellLocation="Rate_Table-D.95">
      <cellValue>55</cellValue>
    </ageNumber>
    <primaryEnrollee cellLocation="Rate_Table-E.95">
      <cellValue>737.53</cellValue>
    </primaryEnrollee>
  </items>
  <items>
    <effectiveDate cellLocation="Rate_Table-B.8">
      <cellValue>2016-01-01</cellValue>
    </effectiveDate>
    <expirationDate cellLocation="Rate_Table-B.9">
      <cellValue>2016-12-31</cellValue>
    </expirationDate>
    <planId cellLocation="Rate_Table-A.96">
      <cellValue>78079DC0160001</cellValue>
    </planId>
    <rateAreaId cellLocation="Rate_Table-B.96">
      <cellValue>Rating Area 1</cellValue>
    </rateAreaId>
    <tobacco cellLocation="Rate_Table-C.96">
      <cellValue>No Preference</cellValue>
    </tobacco>
    <ageNumber cellLocation="Rate_Table-D.96">
      <cellValue>56</cellValue>
    </ageNumber>
    <primaryEnrollee cellLocation="Rate_Table-E.96">
      <cellValue>766.47</cellValue>
    </primaryEnrollee>
  </items>
  <items>
    <effectiveDate cellLocation="Rate_Table-B.8">
      <cellValue>2016-01-01</cellValue>
    </effectiveDate>
    <expirationDate cellLocation="Rate_Table-B.9">
      <cellValue>2016-12-31</cellValue>
    </expirationDate>
    <planId cellLocation="Rate_Table-A.97">
      <cellValue>78079DC0160001</cellValue>
    </planId>
    <rateAreaId cellLocation="Rate_Table-B.97">
      <cellValue>Rating Area 1</cellValue>
    </rateAreaId>
    <tobacco cellLocation="Rate_Table-C.97">
      <cellValue>No Preference</cellValue>
    </tobacco>
    <ageNumber cellLocation="Rate_Table-D.97">
      <cellValue>57</cellValue>
    </ageNumber>
    <primaryEnrollee cellLocation="Rate_Table-E.97">
      <cellValue>796.26</cellValue>
    </primaryEnrollee>
  </items>
  <items>
    <effectiveDate cellLocation="Rate_Table-B.8">
      <cellValue>2016-01-01</cellValue>
    </effectiveDate>
    <expirationDate cellLocation="Rate_Table-B.9">
      <cellValue>2016-12-31</cellValue>
    </expirationDate>
    <planId cellLocation="Rate_Table-A.98">
      <cellValue>78079DC0160001</cellValue>
    </planId>
    <rateAreaId cellLocation="Rate_Table-B.98">
      <cellValue>Rating Area 1</cellValue>
    </rateAreaId>
    <tobacco cellLocation="Rate_Table-C.98">
      <cellValue>No Preference</cellValue>
    </tobacco>
    <ageNumber cellLocation="Rate_Table-D.98">
      <cellValue>58</cellValue>
    </ageNumber>
    <primaryEnrollee cellLocation="Rate_Table-E.98">
      <cellValue>827.33</cellValue>
    </primaryEnrollee>
  </items>
  <items>
    <effectiveDate cellLocation="Rate_Table-B.8">
      <cellValue>2016-01-01</cellValue>
    </effectiveDate>
    <expirationDate cellLocation="Rate_Table-B.9">
      <cellValue>2016-12-31</cellValue>
    </expirationDate>
    <planId cellLocation="Rate_Table-A.99">
      <cellValue>78079DC0160001</cellValue>
    </planId>
    <rateAreaId cellLocation="Rate_Table-B.99">
      <cellValue>Rating Area 1</cellValue>
    </rateAreaId>
    <tobacco cellLocation="Rate_Table-C.99">
      <cellValue>No Preference</cellValue>
    </tobacco>
    <ageNumber cellLocation="Rate_Table-D.99">
      <cellValue>59</cellValue>
    </ageNumber>
    <primaryEnrollee cellLocation="Rate_Table-E.99">
      <cellValue>859.67</cellValue>
    </primaryEnrollee>
  </items>
  <items>
    <effectiveDate cellLocation="Rate_Table-B.8">
      <cellValue>2016-01-01</cellValue>
    </effectiveDate>
    <expirationDate cellLocation="Rate_Table-B.9">
      <cellValue>2016-12-31</cellValue>
    </expirationDate>
    <planId cellLocation="Rate_Table-A.100">
      <cellValue>78079DC0160001</cellValue>
    </planId>
    <rateAreaId cellLocation="Rate_Table-B.100">
      <cellValue>Rating Area 1</cellValue>
    </rateAreaId>
    <tobacco cellLocation="Rate_Table-C.100">
      <cellValue>No Preference</cellValue>
    </tobacco>
    <ageNumber cellLocation="Rate_Table-D.100">
      <cellValue>60</cellValue>
    </ageNumber>
    <primaryEnrollee cellLocation="Rate_Table-E.100">
      <cellValue>893.29</cellValue>
    </primaryEnrollee>
  </items>
  <items>
    <effectiveDate cellLocation="Rate_Table-B.8">
      <cellValue>2016-01-01</cellValue>
    </effectiveDate>
    <expirationDate cellLocation="Rate_Table-B.9">
      <cellValue>2016-12-31</cellValue>
    </expirationDate>
    <planId cellLocation="Rate_Table-A.101">
      <cellValue>78079DC0160001</cellValue>
    </planId>
    <rateAreaId cellLocation="Rate_Table-B.101">
      <cellValue>Rating Area 1</cellValue>
    </rateAreaId>
    <tobacco cellLocation="Rate_Table-C.101">
      <cellValue>No Preference</cellValue>
    </tobacco>
    <ageNumber cellLocation="Rate_Table-D.101">
      <cellValue>61</cellValue>
    </ageNumber>
    <primaryEnrollee cellLocation="Rate_Table-E.101">
      <cellValue>928.19</cellValue>
    </primaryEnrollee>
  </items>
  <items>
    <effectiveDate cellLocation="Rate_Table-B.8">
      <cellValue>2016-01-01</cellValue>
    </effectiveDate>
    <expirationDate cellLocation="Rate_Table-B.9">
      <cellValue>2016-12-31</cellValue>
    </expirationDate>
    <planId cellLocation="Rate_Table-A.102">
      <cellValue>78079DC0160001</cellValue>
    </planId>
    <rateAreaId cellLocation="Rate_Table-B.102">
      <cellValue>Rating Area 1</cellValue>
    </rateAreaId>
    <tobacco cellLocation="Rate_Table-C.102">
      <cellValue>No Preference</cellValue>
    </tobacco>
    <ageNumber cellLocation="Rate_Table-D.102">
      <cellValue>62</cellValue>
    </ageNumber>
    <primaryEnrollee cellLocation="Rate_Table-E.102">
      <cellValue>928.19</cellValue>
    </primaryEnrollee>
  </items>
  <items>
    <effectiveDate cellLocation="Rate_Table-B.8">
      <cellValue>2016-01-01</cellValue>
    </effectiveDate>
    <expirationDate cellLocation="Rate_Table-B.9">
      <cellValue>2016-12-31</cellValue>
    </expirationDate>
    <planId cellLocation="Rate_Table-A.103">
      <cellValue>78079DC0160001</cellValue>
    </planId>
    <rateAreaId cellLocation="Rate_Table-B.103">
      <cellValue>Rating Area 1</cellValue>
    </rateAreaId>
    <tobacco cellLocation="Rate_Table-C.103">
      <cellValue>No Preference</cellValue>
    </tobacco>
    <ageNumber cellLocation="Rate_Table-D.103">
      <cellValue>63</cellValue>
    </ageNumber>
    <primaryEnrollee cellLocation="Rate_Table-E.103">
      <cellValue>928.19</cellValue>
    </primaryEnrollee>
  </items>
  <items>
    <effectiveDate cellLocation="Rate_Table-B.8">
      <cellValue>2016-01-01</cellValue>
    </effectiveDate>
    <expirationDate cellLocation="Rate_Table-B.9">
      <cellValue>2016-12-31</cellValue>
    </expirationDate>
    <planId cellLocation="Rate_Table-A.104">
      <cellValue>78079DC0160001</cellValue>
    </planId>
    <rateAreaId cellLocation="Rate_Table-B.104">
      <cellValue>Rating Area 1</cellValue>
    </rateAreaId>
    <tobacco cellLocation="Rate_Table-C.104">
      <cellValue>No Preference</cellValue>
    </tobacco>
    <ageNumber cellLocation="Rate_Table-D.104">
      <cellValue>64</cellValue>
    </ageNumber>
    <primaryEnrollee cellLocation="Rate_Table-E.104">
      <cellValue>928.19</cellValue>
    </primaryEnrollee>
  </items>
  <items>
    <effectiveDate cellLocation="Rate_Table-B.8">
      <cellValue>2016-01-01</cellValue>
    </effectiveDate>
    <expirationDate cellLocation="Rate_Table-B.9">
      <cellValue>2016-12-31</cellValue>
    </expirationDate>
    <planId cellLocation="Rate_Table-A.105">
      <cellValue>78079DC0160001</cellValue>
    </planId>
    <rateAreaId cellLocation="Rate_Table-B.105">
      <cellValue>Rating Area 1</cellValue>
    </rateAreaId>
    <tobacco cellLocation="Rate_Table-C.105">
      <cellValue>No Preference</cellValue>
    </tobacco>
    <ageNumber cellLocation="Rate_Table-D.105">
      <cellValue>65 and over</cellValue>
    </ageNumber>
    <primaryEnrollee cellLocation="Rate_Table-E.105">
      <cellValue>928.19</cellValue>
    </primaryEnrollee>
  </items>
</qhpApplicationRateGroupVO>
